--CREATE DATABASE [Biblioteka_g2_xx];
--GO
USE [Biblioteka_g2_xx];

-- Tabela: Kraj
CREATE TABLE country (
	country_id INT IDENTITY (1,1),
	country VARCHAR(20) NOT NULL,
	country_short VARCHAR(3) NOT NULL,
	CONSTRAINT PK_country_country_id PRIMARY KEY CLUSTERED (country_id)
);

-- Tabela: Status
CREATE TABLE [status] (
	status_id INT IDENTITY(1,1) PRIMARY KEY,
	status_name VARCHAR(50) NOT NULL,
	status_desc VARCHAR(200),
	status_type VARCHAR(50),
	[status] VARCHAR(30)
);

-- Tabela: Autorzy
CREATE TABLE authors (
	author_id INT IDENTITY(1,1) PRIMARY KEY,
	first_name VARCHAR(50) NOT NULL,
	last_name VARCHAR(50) NOT NULL,
	birth_date DATE,
	country_id INT NOT NULL DEFAULT 1,
	biography VARCHAR(MAX),
	FOREIGN KEY (country_id) REFERENCES country(country_id)
);

-- Tabela: Książki
IF NOT EXISTS (SELECT 1 FROM [INFORMATION_SCHEMA].[TABLES] WHERE TABLE_NAME = 'books')
BEGIN
	CREATE TABLE books (
		book_id INT IDENTITY(1,1) PRIMARY KEY,
		title VARCHAR(100) NOT NULL,
		isbn VARCHAR(20) UNIQUE,
		publication_year INT,
		publisher VARCHAR(100),
		genre VARCHAR(50),
		available_copies INT DEFAULT 1,
		total_copies INT DEFAULT 1,
		status_id INT NOT NULL,
		FOREIGN KEY (status_id) REFERENCES [status](status_id)
	);
END

-- Tabela: Powiązania Autorów z Książkami
CREATE TABLE authorsBooks (
	author_id INT NOT NULL,
	book_id INT NOT NULL,
	FOREIGN KEY (author_id) REFERENCES authors(author_id),
	FOREIGN KEY (book_id) REFERENCES books(book_id),
	CONSTRAINT PK_authorsBooks_author_id_book_id PRIMARY KEY CLUSTERED (author_id, book_id)
);

-- Tabela: Użytkownicy systemu
CREATE TABLE [user] (
	user_id INT IDENTITY(1,1) PRIMARY KEY,
	username VARCHAR(50) UNIQUE NOT NULL,
	password_hash VARCHAR(255) NOT NULL,
	email VARCHAR(100) UNIQUE NOT NULL,
	[role] VARCHAR(20) CHECK ([role] IN ('admin', 'librarian', 'user')),
	created_at DATETIME DEFAULT GETDATE(),
	last_login DATETIME,
	status_id INT NOT NULL,
	FOREIGN KEY (status_id) REFERENCES [status](status_id)
);

-- Tabela: Czytelnicy
CREATE TABLE readers (
	readers_id INT IDENTITY(1,1) PRIMARY KEY,
	user_id INT NOT NULL,
	first_name VARCHAR(50) NOT NULL,
	last_name VARCHAR(50) NOT NULL,
	[address] VARCHAR(100),
	phone VARCHAR(20),
	registration_date DATE DEFAULT GETDATE(),
	status_id INT NOT NULL,
	FOREIGN KEY (user_id) REFERENCES [user](user_id),
	FOREIGN KEY (status_id) REFERENCES [status](status_id)
);

-- Tabela: Wypożyczenia
CREATE TABLE borrowing (
	borrowing_id INT IDENTITY(1,1) PRIMARY KEY,
	book_id INT NOT NULL,
	readers_id INT NOT NULL,
	borrowing_date DATETIME DEFAULT CURRENT_TIMESTAMP,
	return_date DATETIME,
	due INT NOT NULL,
	[status] VARCHAR(20) CHECK ([status] IN ('wypożyczona', 'zwrócona', 'pretrzymana')) DEFAULT 'wypożyczona',
	status_id INT NOT NULL,
	FOREIGN KEY (book_id) REFERENCES books(book_id),
	FOREIGN KEY (readers_id) REFERENCES readers(readers_id),
	FOREIGN KEY (status_id) REFERENCES [status](status_id)
);

-- Tabela: Rezerwacje
CREATE TABLE reservation (
	reservation_id INT IDENTITY(1,1) PRIMARY KEY,
	book_id INT NOT NULL,
	readers_id INT NOT NULL,
	reservation_date DATETIME DEFAULT CURRENT_TIMESTAMP,
	status_id INT NOT NULL,
	FOREIGN KEY (book_id) REFERENCES books(book_id),
	FOREIGN KEY (readers_id) REFERENCES readers(readers_id),
	FOREIGN KEY (status_id) REFERENCES [status](status_id)
);

-- Indeks na rezerwacje (dla wydajności)
CREATE INDEX IX_reservation_book_is ON reservation(book_id);

-- Tabela: Kary
CREATE TABLE fine (
	fine_id INT IDENTITY(1,1) PRIMARY KEY,
	borrowing_id INT NOT NULL,
	amount DECIMAL(10,2) NOT NULL,
	date_issue DATETIME DEFAULT CURRENT_TIMESTAMP,
	date_pay DATETIME,
	status_id INT NOT NULL,
	FOREIGN KEY (borrowing_id) REFERENCES borrowing(borrowing_id),
	FOREIGN KEY (status_id) REFERENCES [status](status_id)
);

-- Wstawienie statusów
INSERT INTO [status] (status_name, status_type, [status])
VALUES  ('Nowa rezerwacja', 'reservations', 'active'),
	('Oczekująca rezerwacja', 'reservations', 'active'),
	('Zrealizowana rezerwacja', 'reservations', 'inactive'),
	('Anulowana rezerwacja', 'reservations', 'inactive'),
	('Rezerwacja przeterminowana', 'reservations', 'inactive'),
	('Dostępna książka', 'books', 'active'),
	('Wypożyczona książka', 'books', 'active'),
	('Zarezerwowana książka', 'books', 'active'),
	('Zgubiona książka', 'books', 'inactive'),
	('Uszkodzona książka', 'books', 'inactive'),
	('Klient aktywny', 'readers', 'active'),
	('Klient zablokowany', 'readers', 'inactive'),
	('Klient weryfikowany', 'readers', 'active'),
	('Nowy klient', 'readers', 'active'),
	('Usunięty klient', 'readers', 'inactive'),
	('Wypożyczenie aktywne', 'borrowings', 'active'),
	('Wypożyczenie zakończone', 'borrowings', 'inactive'),
	('Wypożyczenie przeterminowane', 'borrowings', 'active'),
	('Zgłoszona strata', 'borrowings', 'inactive'),
	('Zwrot oczekujący', 'borrowings', 'active'),
	('Kara niezapłacona', 'fines', 'active'),
	('Kara zapłacona', 'fines', 'active'),
	('Kara anulowana', 'fines', 'inactive'),
	('Nowa kara', 'fines', 'active'),
	('Kara rozłożona na raty', 'fines', 'active'),
	('Użytkownik aktywny', 'users', 'active'),
	('Użytkownik zablokowany', 'users', 'inactive'),
	('Użytkownik oczekuje na aktywację', 'users', 'active'),
	('Użytkownik usunięty', 'users', 'inactive'),
	('Administrator systemu', 'users', 'active'),
	('Weryfikacja adresu', 'readers', 'active'),
	('Sprawdzanie historii wypożyczeń', 'borrowings', 'active'),
	('Rezerwacja zatwierdzona', 'reservations', 'active'),
	('Rezerwacja odrzucona', 'reservations', 'inactive'),
	('Książka w naprawie', 'books', 'inactive'),
	('Dostępność nieznana', 'books', 'inactive'),
	('Wypożyczenie w toku', 'borrowings', 'active'),
	('Zwrot opóźniony', 'borrowings', 'active'),
	('Powiadomienie wysłane', 'borrowings', 'active'),
	('Brak kontaktu z klientem', 'readers', 'inactive'),
	('Klient zadłużony', 'readers', 'active'),
	('Opłata częściowa', 'fines', 'active'),
	('Opłata umorzona', 'fines', 'inactive'),
	('Użytkownik tymczasowy', 'users', 'active'),
	('Użytkownik bez uprawnień', 'users', 'inactive'),
	('Konto zarchiwizowane', 'users', 'inactive'),
	('Oczekująca płatność', 'fines', 'active'),
	('Weryfikacja ręczna', 'readers', 'active'),
	('Przetwarzanie wypożyczenia', 'borrowings', 'active'),
	('Usunięta rezerwacja', 'reservations', 'inactive'),
	('Nieudana rezerwacja', 'reservations', 'inactive'),
	('Egzemplarz niedostępny', 'books', 'inactive'),
	('Klient VIP', 'readers', 'active'),
	('Bibliotekarz', 'users', 'active'),
	('Systemowy', 'users', 'active'),
	('Książka w archiwum', 'books', 'inactive'),
	('Oczekuje na odbiór', 'reservations', 'active'),
	('W trakcie opłacania', 'fines', 'active'),
	('Zwrot potwierdzony', 'borrowings', 'inactive');

-- Dodanie krajów
INSERT INTO country (country, country_short)
VALUES  ('Polska', 'PL'),
	('Podlasie', 'POD'),
	('Radziwie', 'RAD'),
	('Redania', 'RED'),
	('Temeria', 'TEM'),
	('Nilfgaard', 'NIL'),
	('Stany Zjednoczone', 'USA'),
	('Wielka Brytania', 'GB'),
	('Francja', 'FR'),
	('Niemcy', 'DE'),
	('Argentyna', 'AR'),
	('Australia', 'AU'),
	('Austria', 'AT'),
	('Belgia', 'BE'),
	('Brazylia', 'BR'),
	('Bułgaria', 'BG'),
	('Chiny', 'CN'),
	('Chorwacja', 'HR'),
	('Cypr', 'CY'),
	('Czechy', 'CZ'),
	('Dania', 'DK'),
	('Egipt', 'EG'),
	('Estonia', 'EE'),
	('Finlandia', 'FI'),
	('Grecja', 'GR'),
	('Hiszpania', 'ES'),
	('Holandia', 'NL'),
	('Indie', 'IN'),
	('Indonezja', 'ID'),
	('Irak', 'IQ'),
	('Iran', 'IR'),
	('Irlandia', 'IE'),
	('Islandia', 'IS'),
	('Izrael', 'IL'),
	('Jamajka', 'JM'),
	('Japonia', 'JP'),
	('Jemen', 'YE'),
	('Kanada', 'CA'),
	('Katar', 'QA'),
	('Kazachstan', 'KZ'),
	('Kenia', 'KE'),
	('Kolumbia', 'CO'),
	('Korea Południowa', 'KR'),
	('Korea Północna', 'KP'),
	('Kostaryka', 'CR'),
	('Kuba', 'CU'),
	('Liban', 'LB'),
	('Libia', 'LY'),
	('Litwa', 'LT'),
	('Luksemburg', 'LU'),
	('Łotwa', 'LV'),
	('Malezja', 'MY'),
	('Malta', 'MT'),
	('Maroko', 'MA'),
	('Meksyk', 'MX'),
	('Mołdawia', 'MD'),
	('Monako', 'MC'),
	('Mongolia', 'MN'),
	('Nepal', 'NP'),
	('Nigeria', 'NG'),
	('Norwegia', 'NO'),
	('Nowa Zelandia', 'NZ'),
	('Pakistan', 'PK'),
	('Panama', 'PA'),
	('Peru', 'PE'),
	('Portugalia', 'PT'),
	('Rosja', 'RU'),
	('Rumunia', 'RO'),
	('Rwanda', 'RW'),
	('San Escobar', 'SEB'),
	('Serbia', 'RS'),
	('Singapur', 'SG'),
	('Słowacja', 'SK'),
	('Słowenia', 'SI'),
	('Syria', 'SY'),
	('Szwajcaria', 'CH'),
	('Szwecja', 'SE'),
	('Tajlandia', 'TH'),
	('Tanzania', 'TZ'),
	('Tunezja', 'TN'),
	('Turcja', 'TR'),
	('Ukraina', 'UA'),
	('Urugwaj', 'UY'),
	('Uzbekistan', 'UZ'),
	('Watykan', 'VA'),
	('Wenezuela', 'VE'),
	('Węgry', 'HU'),
	('Wietnam', 'VN'),
	('Włochy', 'IT'),
	('Zambia', 'ZM'),
	('Zimbabwe', 'ZW'),
	('Gondor', 'GON'),
	('Rohan', 'ROH'),
	('Hogwart', 'HOG'),
	('Atlantyda', 'ATL'),
	('Narnia', 'NAR'),
	('Wakanda', 'WAK'),
	('Elfia', 'ELF'),
	('Mordor', 'MOR'),
	('Hyrule', 'HYR'),
	('Tamriel', 'TAM'),
	('Midgard', 'MID'),
	('Asgard', 'ASG'),
	('Skellige', 'SKL'),
	('Novigrad', 'NOV'),
	('Zerrikania', 'ZER'),
	('Kovir', 'KOV'),
	('Cintra', 'CIN'),
	('Toussaint', 'TOU'),
	('Mahakam', 'MAH'),
	('Kaedwen', 'KAE'),
	('Aedirn', 'AED');

-- Dodanie autorów
INSERT INTO authors (first_name, last_name, birth_date, country_id, biography)
VALUES	('Jan', 'Kaczkowski', '1977-07-26', 1, 'Polski ksiądz katolicki, doktor nauk teologicznych, bioetyk, założyciel i dyrektor Puckiego Hospicjum pw. św. Ojca Pio.'),
	('Joanna', 'Podsadecka', '1980-05-15', 1, 'Polska pisarka, współautorka książek z Janem Kaczkowskim.'),
	('Britt', 'Allcroft', '1943-12-14', 3, 'Brytyjska producentka telewizyjna, najbardziej znana jako twórczyni serialu "Tomek i przyjaciele".'),
	('Andrzej', 'Sapkowski', '1948-06-21', 1, 'Jeden z najpopularniejszych polskich pisarzy fantasy, twórca serii o Wiedźminie.'),
	('Piotr', 'Fulmański', NULL, 1, 'Polski naukowiec i autor książek z zakresu informatyki.'),
	('Anna', 'Nowak', '1975-03-10', 1, 'Autorka książek dla dzieci.'),
	('Michał', 'Kowalski', '1982-11-22', 1, 'Autor poradników związanych z końmi.'),
	('Ewa', 'Wiśniewska', '1968-09-05', 1, 'Pisarka, autorka powieści obyczajowych.'),
	('John', 'Smith', '1970-04-18', 2, 'Amerykański autor książek technicznych.'),
	('Maria', 'Garcia', '1985-07-30', 7, 'Hiszpańska autorka literatury dziecięcej.'),
	('Elena', 'Chen', '1978-04-22', 3, 'Poetka i eseistka.'),
	('Laura', 'Nowak', '2011-03-10', 3, 'Twórca powieści kryminalnych.'),
	('John', 'Nowak', '1975-06-12', 7, 'Autorka przewodników turystycznych.'),
	('Elena', 'Chen', '1993-10-24', 9, 'Twórca powieści kryminalnych.'),
	('Andrzej', 'Garcia', '1981-11-20', 3, 'Poetka i eseistka.'),
	('Mark', 'Kowalski', '1948-01-22', 6, 'Znany felietonista.'),
	('Elena', 'Ali', '1974-12-12', 7, 'Twórca powieści kryminalnych.'),
	('Maria', 'Rossi', '1989-08-29', 9, 'Autor książek historycznych.'),
	('Anna', 'Garcia', '2000-12-21', 3, 'Autorka przewodników turystycznych.'),
	('Anna', 'Chen', '2011-02-03', 7, 'Twórca powieści kryminalnych.'),
	('Laura', 'Nowak', '1988-06-05', 6, 'Ekspert w dziedzinie sztuki kulinarnej.'),
	('Anna', 'Yamamoto', '1983-12-13', 5, 'Pisarz dla młodzieży.'),
	('James', 'Kowalski', '2020-04-24', 10, 'Pisarz dla młodzieży.'),
	('Andrzej', 'Ali', '2011-10-09', 2, 'Ekspert w dziedzinie sztuki kulinarnej.'),
	('John', 'Nowak', '1972-12-07', 5, 'Twórca powieści kryminalnych.'),
	('James', 'Rossi', '2003-08-08', 9, 'Pisarz science-fiction.'),
	('Laura', 'Rossi', '1956-03-19', 5, 'Specjalista od literatury faktu.'),
	('Julia', 'Yamamoto', '1966-03-25', 2, 'Pisarz dla młodzieży.'),
	('Andrzej', 'Smith', '2014-06-05', 3, 'Poetka i eseistka.'),
	('John', 'Garcia', '1961-03-25', 8, 'Pisarz dla młodzieży.'),
	('Anna', 'Rossi', '1942-11-22', 3, 'Pisarz science-fiction.'),
	('Andrzej', 'Chen', NULL, 3, 'Znany felietonista.'),
	('Andrzej', 'Nowak', '1978-12-10', 9, 'Autor książek historycznych.'),
	('Elena', 'Ali', '1955-08-25', 3, 'Pisarz science-fiction.'),
	('Maria', 'Ali', '1965-09-11', 3, 'Specjalista od literatury faktu.'),
	('John', 'Yamamoto', '1947-10-08', 1, 'Poetka i eseistka.'),
	('John', 'Chen', '1958-12-21', 5, 'Poetka i eseistka.'),
	('Andrzej', 'Dubois', '1967-08-11', 8, 'Pisarz dla młodzieży.'),
	('Piotr', 'Kowalski', '1944-02-19', 5, 'Autorka romansów.'),
	('John', 'Yamamoto', '2023-09-28', 4, 'Pisarz science-fiction.'),
	('Julia', 'Müller', '1971-04-27', 3, 'Twórca powieści kryminalnych.'),
	('Laura', 'Chen', '1991-06-01', 3, 'Specjalista od literatury faktu.'),
	('John', 'Yamamoto', '1979-09-11', 7, 'Pisarz dla młodzieży.'),
	('Mark', 'Müller', '1944-02-09', 6, 'Poetka i eseistka.'),
	('Maria', 'Chen', '1991-06-23', 10, 'Autorka przewodników turystycznych.'),
	('Elena', 'Ali', '1949-10-28', 9, 'Pisarz dla młodzieży.'),
	('Andrzej', 'Dubois', '1940-09-22', 3, 'Autor książek historycznych.'),
	('Laura', 'Dubois', '1990-12-09', 5, 'Poetka i eseistka.'),
	('John', 'Ali', '1960-04-30', 1, 'Poetka i eseistka.'),
	('John', 'Nowak', '1958-03-07', 7, 'Poetka i eseistka.'),
	('Elena', 'Chen', '1978-01-11', 6, 'Autorka przewodników turystycznych.'),
	('Piotr', 'Nowak', '1969-10-07', 2, 'Poetka i eseistka.'),
	('Mark', 'Dubois', '2023-03-07', 9, 'Znany felietonista.'),
	('James', 'Chen', '1970-06-13', 2, 'Ekspert w dziedzinie sztuki kulinarnej.'),
	('Maria', 'Kowalski', NULL, 1, 'Znany felietonista.'),
	('Mark', 'Dubois', '1980-01-06', 7, 'Autor książek historycznych.'),
	('Maria', 'Yamamoto', '1968-02-23', 5, 'Znany felietonista.'),
	('Laura', 'Kowalski', '1963-08-14', 7, 'Autorka romansów.'),
	('Mark', 'Ali', '1985-01-28', 9, 'Autorka przewodników turystycznych.'),
	('Laura', 'Nowak', '1989-08-12', 9, 'Autorka romansów.'),
	('Anna', 'Nowak', '2010-07-30', 2, 'Ekspert w dziedzinie sztuki kulinarnej.'),
	('Laura', 'Kowalski', NULL, 1, 'Poetka i eseistka.'),
	('Piotr', 'Müller', '1962-05-18', 8, 'Twórca powieści kryminalnych.'),
	('Maria', 'Ali', NULL, 5, 'Pisarz dla młodzieży.'),
	('Julia', 'Kowalski', '1998-03-08', 10, 'Specjalista od literatury faktu.'),
	('James', 'Nowak', '1944-10-12', 3, 'Autorka romansów.'),
	('Elena', 'Dubois', '2009-11-11', 7, 'Poetka i eseistka.'),
	('Maria', 'Müller', '1944-05-13', 8, 'Autorka przewodników turystycznych.'),
	('Maria', 'Chen', '2002-07-18', 6, 'Poetka i eseistka.'),
	('Julia', 'Dubois', '1945-06-24', 9, 'Autorka przewodników turystycznych.'),
	('Maria', 'Nowak', '1991-11-20', 7, 'Twórca powieści kryminalnych.'),
	('Elena', 'Ali', '1993-06-30', 10, 'Twórca powieści kryminalnych.'),
	('Andrzej', 'Müller', '1963-06-05', 5, 'Autorka romansów.'),
	('John', 'Rossi', '1984-03-31', 5, 'Autorka przewodników turystycznych.'),
	('Mark', 'Chen', '1951-09-08', 5, 'Ekspert w dziedzinie sztuki kulinarnej.'),
	('Piotr', 'Yamamoto', '1971-04-11', 4, 'Autorka romansów.'),
	('Elena', 'Yamamoto', '1957-06-25', 1, 'Autorka romansów.'),
	('Andrzej', 'Chen', NULL, 7, 'Autor książek historycznych.'),
	('Anna', 'Rossi', '1980-11-02', 10, 'Pisarz dla młodzieży.'),
	('Laura', 'Müller', '2013-03-20', 4, 'Znany felietonista.'),
	('John', 'Kowalski', '1995-02-15', 2, 'Pisarz dla młodzieży.'),
	('Mark', 'Chen', '2009-04-07', 10, 'Pisarz dla młodzieży.'),
	('Anna', 'Smith', NULL, 6, 'Specjalista od literatury faktu.'),
	('Laura', 'Kowalski', '1962-07-06', 9, 'Pisarz science-fiction.'),
	('Laura', 'Müller', '1969-12-31', 3, 'Poetka i eseistka.'),
	('John', 'Yamamoto', '2005-11-06', 3, 'Ekspert w dziedzinie sztuki kulinarnej.'),
	('John', 'Müller', '1940-02-08', 2, 'Ekspert w dziedzinie sztuki kulinarnej.'),
	('Anna', 'Smith', '1942-06-26', 9, 'Pisarz science-fiction.'),
	('Julia', 'Dubois', '1944-05-02', 7, 'Poetka i eseistka.'),
	('Mark', 'Ali', '1957-09-14', 7, 'Pisarz dla młodzieży.'),
	('Piotr', 'Kowalski', '1978-04-22', 5, 'Pisarz dla młodzieży.'),
	('Anna', 'Smith', '1988-03-28', 6, 'Pisarz dla młodzieży.'),
	('James', 'Garcia', '1995-11-09', 8, 'Autorka przewodników turystycznych.'),
	('James', 'Chen', '2014-02-08', 8, 'Specjalista od literatury faktu.'),
	('Andrzej', 'Kowalski', '1979-09-09', 9, 'Znany felietonista.'),
	('Laura', 'Chen', '2021-07-01', 9, 'Pisarz science-fiction.'),
	('Anna', 'Kowalski', '1964-09-19', 5, 'Pisarz science-fiction.'),
	('Anna', 'Chen', '2012-04-12', 4, 'Autorka romansów.'),
	('John', 'Kowalski', NULL, 6, 'Twórca powieści kryminalnych.'),
	('Piotr', 'Nowak', '1978-02-26', 1, 'Autorka romansów.'),
	('Elena', 'Kowalski', '2003-07-15', 2, 'Specjalista od literatury faktu.'),
	('James', 'Müller', '1995-12-21', 6, 'Autorka romansów.'),
	('Laura', 'Nowak', '1994-11-03', 7, 'Autorka romansów.'),
	('Julia', 'Nowak', '2020-09-20', 6, 'Twórca powieści kryminalnych.'),
	('James', 'Kowalski', NULL, 5, 'Twórca powieści kryminalnych.'),
	('Julia', 'Dubois', '1948-08-10', 2, 'Specjalista od literatury faktu.'),
	('Piotr', 'Nowak', '1958-05-19', 9, 'Autorka przewodników turystycznych.'),
	('Mark', 'Ali', '2005-09-03', 4, 'Pisarz dla młodzieży.'),
	('James', 'Müller', '2012-04-17', 5, 'Autorka przewodników turystycznych.'),
	('Maria', 'Smith', '1996-07-02', 7, 'Znany felietonista.'),
	('Laura', 'Rossi', '2006-07-16', 7, 'Autorka przewodników turystycznych.'),
	('Mark', 'Yamamoto', '1948-02-15', 8, 'Autor książek historycznych.'),
	('Elena', 'Nowak', '1975-03-24', 6, 'Twórca powieści kryminalnych.'),
	('John', 'Yamamoto', '2006-04-10', 1, 'Specjalista od literatury faktu.'),
	('Andrzej', 'Smith', NULL, 10, 'Autor książek historycznych.'),
	('Piotr', 'Kowalski', '1943-06-13', 10, 'Ekspert w dziedzinie sztuki kulinarnej.'),
	('Piotr', 'Chen', '1997-10-11', 3, 'Twórca powieści kryminalnych.'),
	('Laura', 'Chen', '1979-04-25', 3, 'Pisarz science-fiction.'),
	('Anna', 'Dubois', '1996-12-31', 2, 'Twórca powieści kryminalnych.'),
	('Laura', 'Smith', '1983-02-08', 8, 'Autor książek historycznych.'),
	('Andrzej', 'Rossi', '1979-09-21', 5, 'Twórca powieści kryminalnych.'),
	('Julia', 'Garcia', '2005-07-28', 3, 'Autorka przewodników turystycznych.'),
	('Piotr', 'Yamamoto', NULL, 7, 'Autorka romansów.'),
	('Maria', 'Müller', '1985-05-06', 2, 'Pisarz dla młodzieży.'),
	('Elena', 'Müller', '1984-06-16', 7, 'Autorka przewodników turystycznych.'),
	('Mark', 'Müller', NULL, 6, 'Znany felietonista.'),
	('Elena', 'Dubois', '1961-09-17', 10, 'Autorka romansów.'),
	('Anna', 'Müller', '2015-06-13', 5, 'Autorka romansów.'),
	('Anna', 'Garcia', '1967-09-27', 10, 'Autor książek historycznych.'),
	('Mark', 'Dubois', '1977-07-14', 9, 'Autorka romansów.'),
	('John', 'Ali', '2004-08-18', 9, 'Ekspert w dziedzinie sztuki kulinarnej.'),
	('Mark', 'Nowak', '1961-03-25', 9, 'Autorka romansów.'),
	('Julia', 'Chen', '1954-02-15', 10, 'Poetka i eseistka.'),
	('James', 'Müller', '1992-02-13', 9, 'Poetka i eseistka.'),
	('Elena', 'Nowak', NULL, 1, 'Pisarz science-fiction.'),
	('Julia', 'Smith', '1987-10-23', 7, 'Pisarz science-fiction.'),
	('Laura', 'Smith', '1995-07-23', 10, 'Ekspert w dziedzinie sztuki kulinarnej.'),
	('Andrzej', 'Garcia', '1980-10-24', 5, 'Autorka przewodników turystycznych.'),
	('Elena', 'Nowak', '1973-09-21', 10, 'Specjalista od literatury faktu.'),
	('Maria', 'Dubois', '1951-10-22', 2, 'Poetka i eseistka.'),
	('Anna', 'Garcia', '2019-12-30', 6, 'Autorka romansów.'),
	('Anna', 'Smith', '1983-10-17', 5, 'Poetka i eseistka.'),
	('Andrzej', 'Rossi', '1945-01-28', 5, 'Autorka przewodników turystycznych.'),
	('Julia', 'Garcia', '1994-10-10', 7, 'Znany felietonista.'),
	('James', 'Ali', '1966-07-16', 4, 'Pisarz science-fiction.'),
	('Andrzej', 'Ali', NULL, 1, 'Specjalista od literatury faktu.'),
	('Piotr', 'Kowalski', '1999-12-08', 7, 'Poetka i eseistka.'),
	('Laura', 'Yamamoto', '2013-09-05', 7, 'Znany felietonista.'),
	('Anna', 'Dubois', '1954-11-17', 2, 'Autorka przewodników turystycznych.'),
	('Mark', 'Smith', '1942-07-14', 3, 'Autorka przewodników turystycznych.'),
	('Laura', 'Smith', '1994-07-18', 5, 'Znany felietonista.'),
	('John', 'Kowalski', '1950-12-07', 5, 'Autor książek historycznych.'),
	('Elena', 'Garcia', '1949-02-14', 10, 'Znany felietonista.'),
	('Andrzej', 'Chen', '1991-04-25', 1, 'Twórca powieści kryminalnych.'),
	('Mark', 'Nowak', '1973-08-07', 6, 'Twórca powieści kryminalnych.'),
	('James', 'Garcia', '1967-08-20', 10, 'Autorka romansów.'),
	('Elena', 'Chen', '2007-03-15', 3, 'Specjalista od literatury faktu.'),
	('John', 'Rossi', '1992-11-10', 6, 'Poetka i eseistka.'),
	('Julia', 'Müller', '2024-06-07', 5, 'Pisarz science-fiction.'),
	('John', 'Rossi', '1986-12-11', 6, 'Pisarz dla młodzieży.'),
	('Piotr', 'Yamamoto', '2017-05-29', 10, 'Pisarz dla młodzieży.'),
	('Julia', 'Müller', '1954-04-10', 8, 'Pisarz dla młodzieży.'),
	('Maria', 'Chen', '1993-06-25', 3, 'Poetka i eseistka.'),
	('Andrzej', 'Smith', '1973-06-02', 4, 'Twórca powieści kryminalnych.'),
	('Anna', 'Müller', '1995-03-10', 9, 'Specjalista od literatury faktu.'),
	('Piotr', 'Yamamoto', NULL, 6, 'Pisarz science-fiction.'),
	('Andrzej', 'Ali', '1977-04-19', 1, 'Ekspert w dziedzinie sztuki kulinarnej.'),
	('Maria', 'Nowak', '1959-05-16', 8, 'Autorka przewodników turystycznych.'),
	('Andrzej', 'Garcia', '1995-11-04', 10, 'Znany felietonista.'),
	('Anna', 'Chen', '2018-03-30', 1, 'Autor książek historycznych.'),
	('Elena', 'Müller', '1962-08-09', 1, 'Autorka romansów.'),
	('Andrzej', 'Chen', '1995-03-05', 3, 'Twórca powieści kryminalnych.'),
	('Maria', 'Dubois', '1977-03-27', 4, 'Pisarz science-fiction.'),
	('Andrzej', 'Müller', '1940-09-18', 3, 'Twórca powieści kryminalnych.'),
	('Mark', 'Nowak', NULL, 9, 'Specjalista od literatury faktu.'),
	('Mark', 'Kowalski', '1953-04-17', 4, 'Autorka romansów.'),
	('Maria', 'Kowalski', '1950-04-08', 2, 'Autorka romansów.'),
	('Andrzej', 'Garcia', '1993-06-03', 1, 'Pisarz dla młodzieży.'),
	('Mark', 'Rossi', '2007-02-21', 10, 'Poetka i eseistka.'),
	('Mark', 'Müller', '2023-08-19', 7, 'Pisarz science-fiction.'),
	('Piotr', 'Dubois', '1959-09-06', 8, 'Znany felietonista.'),
	('Maria', 'Chen', '2008-10-19', 7, 'Twórca powieści kryminalnych.'),
	('Piotr', 'Rossi', '1992-01-01', 7, 'Ekspert w dziedzinie sztuki kulinarnej.'),
	('Elena', 'Rossi', '1970-07-17', 9, 'Poetka i eseistka.'),
	('Andrzej', 'Rossi', '2014-11-04', 7, 'Autorka romansów.'),
	('James', 'Yamamoto', NULL, 5, 'Autor książek historycznych.'),
	('Piotr', 'Garcia', '2011-01-21', 8, 'Znany felietonista.'),
	('Mark', 'Kowalski', '2011-11-10', 1, 'Poetka i eseistka.'),
	('Maria', 'Ali', '1948-06-30', 2, 'Specjalista od literatury faktu.'),
	('Elena', 'Yamamoto', '1987-04-09', 1, 'Autor książek historycznych.'),
	('Piotr', 'Kowalski', '1974-12-28', 1, 'Autorka przewodników turystycznych.'),
	('Piotr', 'Yamamoto', '1973-11-23', 6, 'Pisarz dla młodzieży.'),
	('Andrzej', 'Ali', '2016-07-24', 4, 'Znany felietonista.'),
	('James', 'Garcia', '1967-05-31', 8, 'Ekspert w dziedzinie sztuki kulinarnej.'),
	('Julia', 'Ali', '1990-12-06', 3, 'Autor książek historycznych.'),
	('Laura', 'Rossi', '2006-01-24', 4, 'Specjalista od literatury faktu.'),
	('John', 'Smith', '1955-04-12', 6, 'Specjalista od literatury faktu.'),
	('Maria', 'Müller', '2020-01-19', 3, 'Pisarz science-fiction.'),
	('Mark', 'Dubois', NULL, 2, 'Specjalista od literatury faktu.'),
	('Laura', 'Dubois', '1960-02-11', 3, 'Autorka romansów.'),
	('Piotr', 'Chen', '1998-05-18', 5, 'Poetka i eseistka.'),
	('James', 'Chen', '1969-04-29', 3, 'Pisarz science-fiction.'),
	('Elena', 'Müller', '2023-04-22', 6, 'Poetka i eseistka.'),
	('Laura', 'Nowak', '1987-10-18', 6, 'Autorka przewodników turystycznych.'),
	('Mark', 'Yamamoto', '1946-07-04', 3, 'Pisarz dla młodzieży.'),
	('John', 'Nowak', '2023-12-21', 2, 'Pisarz dla młodzieży.'),
	('James', 'Kowalski', '2002-01-20', 4, 'Twórca powieści kryminalnych.'),
	('Elena', 'Rossi', '1965-02-10', 1, 'Znany felietonista.'),
	('Maria', 'Smith', '1959-03-28', 8, 'Autorka przewodników turystycznych.'),
	('John', 'Smith', '2021-01-01', 2, 'Ekspert w dziedzinie sztuki kulinarnej.');

-- Dodanie książek
INSERT INTO books (title, isbn, publication_year, publisher, genre, available_copies, total_copies, status_id)
VALUES	('DASZ RADĘ OSTATNIA ROZMOWA', '9788326824561', 2020, 'Znak', 'Biografia', 3, 5, 6),
	('Julek i DZIURA w BUDŻECIE', '9788378876324', 2019, 'Literatura', 'Dla dzieci', 2, 2, 6),
	('Bajki 5 minut przed snem Tomek i przyjaciele', '9788328108522', 2018, 'Egmont', 'Dla dzieci', 1, 1, 6),
	('Masaż konia - poradnik', '9788365976123', 2021, 'Galaktyka', 'Poradnik', 4, 4, 6),
	('Wiedźmin', '9788375780635', 2014, 'SuperNowa', 'Fantasy', 5, 7, 6),
	('Koń z Vallony', '9788374692723', 2017, 'Wydawnictwo Literackie', 'Powieść', 2, 3, 6),
	('Blockchain', '9788328356786', 2020, 'PWN', 'Informatyka', 3, 3, 6),
	('Learn Swift by examples', '9788328356793', 2021, 'PWN', 'Informatyka', 2, 2, 6),
	('NoSQL. Theory and examples', '9788328356809', 2022, 'PWN', 'Informatyka', 1, 1, 6),
	('Engineering of Big Data Processing', '9788328356816', 2023, 'PWN', 'Informatyka', 0, 1, 9),
	('WYWOŁAĆ POWIERZCHNIA OKOLICA', '9781913111137', 2010, 'Czarne', 'Science Fiction', 0, 3, 9),
	('WIADOMOŚĆ ODLEGŁOŚĆ CHODZIĆ ZAWÓD ZGADZAĆ SIĘ', '9780126528169', 1976, 'Zysk i S-ka', 'Kryminał', 1, 20, 6),
	('GABINET ONE SKŁAD', '9781728487144', 2020, 'Marginesy', 'Romans', 5, 20, 6),
	('ODPOWIEDŹ SPADEK BEZPOŚREDNIO SZLACHETNY WÓZ', '9780804629942', 1954, 'Marginesy', 'Horror', 4, 10, 6),
	('PÓŁ SUKCES MIERZYĆ LEKARZ PATRZEĆ', '9781282896604', 1977, 'Czarne', 'Kryminał', 1, 4, 6),
	('MOWA SŁOWO BO', '9780748738960', 1959, 'Rebis', 'Science Fiction', 3, 10, 6),
	('MÓZG CIASTO KAŻDY ZAKRES TELEWIZJA', '9780931122200', 1955, 'Marginesy', 'Horror', 3, 7, 6),
	('SWÓJ PANI UCZEŃ CZYNIĆ', '9781169150843', 1997, 'Marginesy', 'Obyczajowa', 1, 13, 6),
	('ZĄB ZŁOŻYĆ UKŁAD BLISKO PODSTAWOWY', '9780461265606', 1992, 'W.A.B.', 'Science Fiction', 1, 2, 6),
	('PRZYJĘCIE LOTNISKO BROŃ PASMO', '9780801219559', 1986, 'Prószyński i S-ka', 'Horror', 3, 4, 6),
	('WZROST GŁÓWNY CZERWONY ZACHOWANIE', '9780382846274', 1999, 'Media Rodzina', 'Kryminał', 1, 20, 6),
	('ROSYJSKI WĄSKI KURWA RYŻ', '9780188857832', 1977, 'Zysk i S-ka', 'Biografia', 2, 3, 6),
	('DZIEWIĘĆ POŁOWA GMINA ZJAWISKO ANIOŁ', '9781025057101', 1990, 'Rebis', 'Fantasy', 2, 4, 6),
	('OZDOBA TRWAĆ CAŁY', '9780065185737', 1966, 'Znak', 'Horror', 3, 16, 6),
	('GRANICZYĆ LICZNY ODPOWIADAĆ DOKŁADNIE POMÓC', '9781379916758', 1957, 'Czarne', 'Biografia', 4, 20, 6),
	('LETNI DOBRZE GRECKI TWARDY PUBLICZNY', '9781283914277', 1988, 'Prószyński i S-ka', 'Biografia', 1, 3, 6),
	('ZYSK SZWAJCARIA TANIEC', '9780631743903', 1952, 'Marginesy', 'Science Fiction', 4, 17, 6),
	('5 MOŻLIWOŚĆ ON', '9780874367607', 2007, 'W.A.B.', 'Romans', 2, 14, 6),
	('PRZYNIEŚĆ CHOCIAŻ POTRZEBA BEZPOŚREDNIO', '9780310862505', 1974, 'Media Rodzina', 'Kryminał', 3, 14, 6),
	('DAĆ SIĘ ITP JUŻ TRZECI', '9781179544885', 1998, 'Media Rodzina', 'Biografia', 2, 10, 6),
	('EGZAMIN WIDOCZNY CZASOWNIK KULA KRAJ', '9780787400293', 1951, 'Zysk i S-ka', 'Romans', 0, 4, 9),
	('DZIENNIK PODAĆ MÓJ ZIEMSKI', '9780270719208', 1996, 'Czarne', 'Science Fiction', 5, 10, 6),
	('WIĘCEJ TEN CZASEM', '9780013756514', 1965, 'Marginesy', 'Fantasy', 5, 6, 6),
	('DANIA LIPIEC BELGIA WAGA', '9780712135238', 1969, 'Czarne', 'Science Fiction', 4, 9, 6),
	('POWIETRZE BO BO', '9781165447282', 2025, 'Marginesy', 'Biografia', 5, 11, 6),
	('PRAGNIENIE GŁĘBOKI PRZYJAŹŃ', '9781963872262', 1952, 'Marginesy', 'Obyczajowa', 3, 4, 6),
	('SUKIENKA SUROWY', '9780304859795', 1971, 'Media Rodzina', 'Romans', 1, 11, 6),
	('ZUPA WALCZYĆ WYJŚCIE HISTORYCZNY', '9780424474717', 1972, 'W.A.B.', 'Romans', 2, 5, 6),
	('KRZYŻ GŁÓWNIE NARODOWOŚĆ ZANIM', '9780029385111', 1950, 'Prószyński i S-ka', 'Dziecięca', 2, 7, 6),
	('PIERWIASTEK CHEMICZNY POMÓC ŻOŁNIERZ SPRAWA BARWA', '9781390878622', 1991, 'Prószyński i S-ka', 'Fantasy', 1, 4, 6),
	('ŻÓŁTY EUROPEJSKI ORZEŁ LAMPA', '9781134734764', 1974, 'Media Rodzina', 'Obyczajowa', 1, 19, 6),
	('WYNIK PISANIE DODAĆ', '9780985153731', 1972, 'Media Rodzina', 'Nauka', 1, 10, 6),
	('BÓG OTRZYMYWAĆ ULICA PROSIĆ RÓWNIEŻ', '9780473912796', 2025, 'W.A.B.', 'Romans', 2, 7, 6),
	('TAKŻE MIESZKAĆ MILION', '9781162214290', 1992, 'Znak', 'Romans', 3, 14, 6),
	('PRAGNĄĆ POZYCJA NIESZCZĘŚCIE', '9780533768509', 1978, 'Media Rodzina', 'Biografia', 3, 4, 6),
	('WALUTA LUDZKI ŚLAD', '9780881709728', 1957, 'W.A.B.', 'Romans', 3, 8, 6),
	('TŁUMACZENIE POSIŁEK BURZA KOLEJOWY', '9781817177024', 1966, 'Zysk i S-ka', 'Biografia', 3, 18, 6),
	('PAŁAC OTACZAĆ', '9781184646680', 1971, 'Znak', 'Nauka', 1, 5, 6),
	('WYNIK WĘGIEL', '9780894802874', 1963, 'Znak', 'Fantasy', 2, 6, 6),
	('CZWARTY NADAWAĆ SKLEP PRÓBOWAĆ BRAK', '9780053981839', 1975, 'Media Rodzina', 'Romans', 1, 12, 6),
	('BĄDŹ OBCHODZIĆ SIEDEMDZIESIĄT 3', '9781766008790', 1950, 'Marginesy', 'Fantasy', 2, 17, 6),
	('UMRZEĆ RANA NOGA ALE OGÓLNY', '9780955353840', 1952, 'Prószyński i S-ka', 'Nauka', 2, 8, 6),
	('POŁUDNIOWY LUDZIE ZWOLENNIK', '9780686274377', 1960, 'Rebis', 'Obyczajowa', 3, 14, 6),
	('ZIMNO GŁÓD KROWA ZNACZENIE', '9780309922708', 2014, 'Czarne', 'Biografia', 2, 6, 6),
	('PYTAĆ CZOŁO U', '9780814365939', 1977, 'Rebis', 'Dziecięca', 2, 3, 6),
	('CIĘŻAR CZERWIEC CZĘŚCIOWO', '9781898494263', 1987, 'Znak', 'Obyczajowa', 1, 5, 6),
	('WYŚCIG NIEDŹWIEDŹ', '9780407057449', 2016, 'Rebis', 'Biografia', 4, 4, 6),
	('OWOC ŻONA', '9780506698765', 2017, 'Znak', 'Science Fiction', 4, 19, 6),
	('DLATEGO CENA KURS', '9780089331011', 1960, 'Znak', 'Obyczajowa', 3, 18, 6),
	('BRZYDKI PIŁKA NOŻNA ETAP WYJĄTKOWY', '9780316626880', 1987, 'Zysk i S-ka', 'Nauka', 1, 7, 6),
	('MIĘSIEŃ SZCZEGÓLNIE DWADZIEŚCIA ALKOHOL KIESZEŃ', '9781095935293', 1990, 'Znak', 'Biografia', 1, 14, 6),
	('WYGRAĆ SZTUKA PALIĆ TRZY', '9781266766480', 2000, 'Media Rodzina', 'Biografia', 3, 12, 6),
	('ARTYKUŁ TEKST WYNIKAĆ OGÓLNY POLITYK', '9781776695355', 1984, 'Media Rodzina', 'Dziecięca', 2, 18, 6),
	('ZDOLNOŚĆ PIĄTEK', '9780915933716', 1980, 'W.A.B.', 'Romans', 2, 14, 6),
	('WNĘTRZE NIEMIECKI', '9780684978345', 2009, 'Media Rodzina', 'Nauka', 3, 4, 6),
	('OTOCZENIE PODŁOGA UZYSKAĆ', '9780419487128', 1960, 'Czarne', 'Obyczajowa', 1, 9, 6),
	('WIĘZIENIE JABŁKO GAZETA ZACZYNAĆ', '9781082700248', 2011, 'Media Rodzina', 'Dziecięca', 4, 9, 6),
	('WSCHODNI PRZYPRAWA', '9780272963388', 2013, 'Rebis', 'Fantasy', 4, 14, 6),
	('ODDAĆ UCIEC', '9780392193535', 2009, 'Zysk i S-ka', 'Kryminał', 3, 7, 6),
	('SIEDZIBA OBSZAR GRUPA DOSTAĆ', '9780057391771', 1970, 'Prószyński i S-ka', 'Biografia', 3, 5, 6),
	('ORGANIZM DOSKONAŁY UKRAINA OKNO ILOŚĆ', '9781514769195', 2006, 'W.A.B.', 'Kryminał', 2, 20, 6),
	('PRZÓD ODPOWIEDŹ', '9781592894963', 2023, 'W.A.B.', 'Fantasy', 1, 5, 6),
	('SPORT STANY ZJEDNOCZONE TEREN TALERZ', '9780038614745', 1965, 'Prószyński i S-ka', 'Kryminał', 5, 16, 6),
	('ZNACZENIE ŚWIAT RZĄD SYSTEM', '9780153637797', 1965, 'Czarne', 'Fantasy', 2, 11, 6),
	('TALERZ PUSTY PASMO IDEA WŁADZA', '9780837806501', 1966, 'Prószyński i S-ka', 'Fantasy', 2, 11, 6),
	('RZADKO 10', '9780326569009', 1987, 'Zysk i S-ka', 'Horror', 5, 11, 6),
	('UCZYĆ DZIEŃ OCHRONA PARTIA DALEKI', '9780531820483', 1966, 'Marginesy', 'Kryminał', 3, 7, 6),
	('OTWÓR IDEA PORT ARTYKUŁ', '9780094370173', 1955, 'Prószyński i S-ka', 'Science Fiction', 2, 12, 6),
	('BOLEĆ KOŁO OBOWIĄZEK', '9780075063094', 1983, 'W.A.B.', 'Biografia', 3, 13, 6),
	('NORWEGIA POJEMNIK', '9781504077866', 2013, 'Prószyński i S-ka', 'Dziecięca', 3, 19, 6),
	('ZŁOŻYĆ EFEKT SZLACHETNY WZROK', '9781768554554', 1992, 'Marginesy', 'Romans', 2, 3, 6),
	('BUDOWA WYDARZENIE PRAWO', '9781426629181', 1978, 'Zysk i S-ka', 'Nauka', 2, 8, 6),
	('POTRAWA WYKONYWAĆ KOSZT', '9780631053309', 1991, 'Czarne', 'Biografia', 1, 1, 6),
	('WYJĄTKOWY CODZIENNIE OPOWIADAĆ ZROZUMIEĆ', '9781624918728', 1967, 'Prószyński i S-ka', 'Fantasy', 2, 13, 6),
	('DZIAŁANIE POLICJA POSTAĆ WŁAŚNIE ZŁAPAĆ', '9780912526980', 1994, 'Marginesy', 'Science Fiction', 3, 10, 6),
	('PRZYSZŁY UŻYTKOWNIK MÓWIĆ OSTATNI MĘSKI', '9780153737527', 1994, 'Prószyński i S-ka', 'Science Fiction', 1, 18, 6),
	('KONCERT TROCHĘ ODMIANA WIELE DZIAŁANIE', '9780648216605', 2021, 'Zysk i S-ka', 'Nauka', 0, 4, 9),
	('MALOWAĆ DACH ZŁAPAĆ ZABAWA CHRONIĆ', '9780550477484', 2020, 'Prószyński i S-ka', 'Fantasy', 3, 6, 6),
	('MORALNY MY MASA RODZIC', '9780396711063', 1956, 'Media Rodzina', 'Nauka', 4, 6, 6),
	('POWIETRZE PÓŁNOCNY', '9781168720139', 1986, 'Prószyński i S-ka', 'Fantasy', 5, 20, 6),
	('UKŁAD KONSTRUKCJA ZNACZYĆ JAKOŚĆ LUDOWY', '9781825758628', 1961, 'Media Rodzina', 'Nauka', 1, 4, 6),
	('NATURALNY TŁUM DOSTAĆ WEWNĘTRZNY', '9780409202601', 1984, 'Znak', 'Obyczajowa', 5, 12, 6),
	('PANNA WYNIKAĆ CEBULA PRZECIWNY', '9781023762328', 1991, 'Znak', 'Biografia', 2, 3, 6),
	('ABY GRUNT', '9780996551137', 2005, 'Czarne', 'Kryminał', 3, 20, 6),
	('ZBUDOWAĆ POMARAŃCZOWY ZBIÓR ŁĄKA NASTRÓJ', '9780421303133', 1959, 'W.A.B.', 'Horror', 2, 8, 6),
	('WARTOŚĆ SŁOŃCE', '9781355285014', 1961, 'Zysk i S-ka', 'Romans', 3, 14, 6),
	('DZISIAJ ZŁODZIEJ MIERZYĆ', '9780826979056', 2021, 'W.A.B.', 'Romans', 1, 8, 6),
	('STAWAĆ SIĘ ŚWIĘTO FUTRO', '9781886338890', 1978, 'Marginesy', 'Biografia', 2, 13, 6),
	('ŚW ŚWIECIĆ PRZEZNACZYĆ CZOŁO ARCHIPELAG', '9781988579795', 1951, 'W.A.B.', 'Obyczajowa', 2, 19, 6),
	('KORZYSTAĆ ZAWÓD GÓRA', '9781163699096', 2010, 'W.A.B.', 'Biografia', 3, 20, 6),
	('DOBRZE PREZYDENT COŚ ŚWIĘTY ODDECH', '9780175624102', 2011, 'Zysk i S-ka', 'Kryminał', 1, 12, 6),
	('WYKONANIE 100 ZWIĄZEK WYWOŁAĆ', '9780964855403', 1953, 'Prószyński i S-ka', 'Obyczajowa', 5, 5, 6),
	('DODATEK WYSIŁEK IZRAEL', '9780192565204', 1998, 'Czarne', 'Romans', 5, 10, 6),
	('POJEDYNCZY POWIERZCHNIA TEŻ', '9780549921752', 2017, 'Czarne', 'Science Fiction', 3, 7, 6),
	('KRZESŁO NADAWAĆ PRZYJĄĆ', '9781105522536', 2017, 'Zysk i S-ka', 'Nauka', 1, 9, 6),
	('ODBYWAĆ SIĘ TYSIĄC DIABEŁ CZASOWNIK', '9781592403578', 1962, 'Zysk i S-ka', 'Romans', 4, 8, 6),
	('ZŁOŻYĆ KOŃ 1000', '9781294711674', 1973, 'Rebis', 'Fantasy', 1, 18, 6),
	('KOLACJA MATKA POLICZEK OSIĄGNIĘCIE', '9781525978111', 1952, 'Marginesy', 'Obyczajowa', 1, 2, 6),
	('OGLĄDAĆ ZADANIE FAZA POZYCJA', '9781241161705', 1953, 'W.A.B.', 'Obyczajowa', 2, 16, 6),
	('MILION OBYWATELKA KOŃCZYĆ', '9781489526724', 1997, 'Zysk i S-ka', 'Obyczajowa', 3, 8, 6),
	('KOMPUTER DACH SSAK DANIA POZOSTAWAĆ', '9781013619915', 2012, 'W.A.B.', 'Horror', 2, 3, 6),
	('MI KARTKA MOTYL', '9781422246481', 2025, 'Zysk i S-ka', 'Kryminał', 3, 12, 6),
	('SZWEDZKI PRZYJACIEL LUDZIE', '9781025146041', 1992, 'Prószyński i S-ka', 'Kryminał', 1, 12, 6),
	('KROWA WZGLĄD BRĄZOWY', '9781794611092', 1973, 'Zysk i S-ka', 'Biografia', 3, 19, 6),
	('WZROK WŁAŚCIWY', '9780184649752', 1985, 'Rebis', 'Horror', 2, 5, 6),
	('WOJENNY UDZIAŁ ZNAĆ WOLNOŚĆ HERBATA', '9780249042702', 1993, 'Czarne', 'Fantasy', 2, 7, 6),
	('WARZYWO RADIO JEDYNY TURECKI WEWNĘTRZNY', '9781432755812', 1998, 'Rebis', 'Horror', 3, 6, 6),
	('TŁUSZCZ CZUĆ LOT PADAĆ RÓŻNICA', '9780977129591', 2001, 'W.A.B.', 'Obyczajowa', 5, 11, 6),
	('TERYTORIUM WIEŻA MONETA', '9780795841859', 1957, 'Rebis', 'Biografia', 4, 14, 6),
	('WRÓG JAKIŚ MĄDRY KSZTAŁT', '9780314228260', 1984, 'Zysk i S-ka', 'Biografia', 2, 6, 6),
	('SAM PRZEKAZYWAĆ ZABAWKA', '9781567158892', 2002, 'Zysk i S-ka', 'Biografia', 2, 20, 6),
	('CIĘŻKI POCZĄTEK NIEDZIELA JESIEŃ', '9781202509508', 1995, 'Rebis', 'Romans', 3, 5, 6),
	('PROFESOR DZIEWCZYNKA ŁATWY', '9781208853650', 1950, 'Znak', 'Romans', 6, 7, 6),
	('WCZEŚNIE WŁOSKI WALKA', '9781223867212', 1951, 'W.A.B.', 'Fantasy', 1, 4, 6),
	('CZAS SŁUŻBA KTOŚ', '9781962078405', 1969, 'Czarne', 'Kryminał', 3, 20, 6),
	('NATYCHMIAST TYSIĄC ORGANIZACJA ŻABA OSIEMDZIESIĄT', '9780737081053', 1953, 'Rebis', 'Kryminał', 5, 5, 6),
	('WYCHODZIĆ OTWARTY 40 ŚRODEK NASTRÓJ', '9781043964764', 2003, 'Marginesy', 'Nauka', 2, 17, 6),
	('ZWYKŁY KARTA', '9781795338929', 2025, 'Marginesy', 'Nauka', 1, 2, 6),
	('CHODZIĆ WYBUCH 2', '9780360341036', 2003, 'Czarne', 'Horror', 4, 17, 6),
	('KOZA JUTRO RYZYKO', '9781704655789', 1972, 'Prószyński i S-ka', 'Obyczajowa', 5, 11, 6),
	('FAŁSZYWY CIAŁO ŚWIADCZYĆ', '9780148135390', 1957, 'Marginesy', 'Romans', 2, 19, 6),
	('ZIMNY WYSOKI TE', '9781583548790', 1981, 'W.A.B.', 'Fantasy', 4, 11, 6),
	('2 CZTERDZIEŚCI PODCZAS TOR PODSTAWA', '9781936287437', 1953, 'Czarne', 'Kryminał', 4, 15, 6),
	('DOBRY CEBULA', '9780296845608', 1993, 'Znak', 'Obyczajowa', 1, 20, 6),
	('RELIGIA KOLEGA', '9780991719358', 2019, 'W.A.B.', 'Horror', 1, 9, 6),
	('AUTOR PIĆ CAŁOŚĆ FOTOGRAFIA SILNY', '9780423951615', 1994, 'Media Rodzina', 'Nauka', 1, 18, 6),
	('ZIEMIA JEDYNIE ODCINEK CAŁKOWICIE', '9781036535834', 2012, 'Rebis', 'Romans', 1, 9, 6),
	('PARK JAKI MĄŻ DZIADEK KTO', '9781638857310', 1999, 'Media Rodzina', 'Obyczajowa', 5, 9, 6),
	('PRZEMYSŁ CZWARTY WŁAŚNIE KĄT', '9781701814547', 1997, 'Rebis', 'Dziecięca', 5, 14, 6),
	('PŁASKI SPRAWIEDLIWOŚĆ CIEMNY FAŁSZYWY', '9780550581327', 1970, 'Marginesy', 'Dziecięca', 3, 5, 6),
	('POJAWIAĆ SIĘ CZESKI DZIÓB', '9781093334777', 1987, 'W.A.B.', 'Romans', 3, 6, 6),
	('ŚRODEK JEDZENIE', '9780164809466', 2013, 'Znak', 'Romans', 3, 16, 6),
	('WIECZOREM MAŁPA NOCNY GRANICA', '9780390613363', 1987, 'Prószyński i S-ka', 'Dziecięca', 3, 3, 6),
	('SZKODA BUDOWLA CENTRUM', '9780528159947', 1961, 'Marginesy', 'Dziecięca', 2, 14, 6),
	('TRZY ŻYWY ZACZYNAĆ', '9781042711215', 1972, 'Media Rodzina', 'Fantasy', 5, 12, 6),
	('WIDOK BÓSTWO WNĘTRZE STO', '9780612154544', 1950, 'Czarne', 'Kryminał', 4, 20, 6),
	('PODCZAS LISTA DZIĘKI GRZECH', '9780467827150', 2012, 'W.A.B.', 'Fantasy', 3, 5, 6),
	('BRUDNY MORALNY TRUDNO PIENIĄDZ', '9780667155442', 1961, 'Rebis', 'Biografia', 5, 8, 6),
	('PROBLEM TATA PRZYJĄĆ W SZÓSTY', '9780084391874', 1966, 'Czarne', 'Science Fiction', 5, 16, 6),
	('ZMIENIAĆ PIĘTNAŚCIE PAŃSTWO', '9781913984281', 1951, 'Rebis', 'Dziecięca', 5, 10, 6),
	('PIĄTY PRAKTYKA PIERWIASTEK CHEMICZNY', '9781158541805', 1999, 'Zysk i S-ka', 'Obyczajowa', 3, 14, 6),
	('FOTOGRAFIA ZAJĘCIE ŻELAZO PIES', '9780131288409', 2011, 'Marginesy', 'Fantasy', 2, 5, 6),
	('DLACZEGO SILNIK OCZEKIWAĆ', '9780545640404', 2008, 'Media Rodzina', 'Biografia', 1, 4, 6),
	('POJĘCIE ZAINTERESOWANIE', '9780387259598', 2005, 'Zysk i S-ka', 'Fantasy', 3, 14, 6),
	('MĄKA LOS UPRAWIAĆ SZCZEGÓLNY', '9780713128048', 1959, 'Czarne', 'Horror', 4, 8, 6),
	('OBRONA UWAŻAĆ FRANCJA', '9781027394532', 2000, 'Rebis', 'Horror', 2, 17, 6),
	('DANE ŚMIEĆ ROZWIĄZANIE SYSTEM OGLĄDAĆ', '9780859129527', 1991, 'Czarne', 'Science Fiction', 1, 6, 6),
	('CIERPIEĆ ZAMIAR', '9781916594708', 2006, 'Czarne', 'Fantasy', 2, 7, 6),
	('WSZELKI KULA', '9781678568306', 2023, 'Marginesy', 'Science Fiction', 4, 20, 6),
	('ŚLUB KIEDYŚ SER PROCENT SIEBIE', '9781563206672', 1980, 'Rebis', 'Romans', 3, 5, 6),
	('ODWAGA SEKS JEDZENIE', '9780282253561', 1962, 'Rebis', 'Nauka', 4, 11, 6),
	('OBCY TURECKI CEL NARZĄD TYTUŁ', '9781050578596', 2014, 'Znak', 'Kryminał', 3, 16, 6),
	('TY STAŁY WEJŚCIE', '9780373071814', 1957, 'Znak', 'Biografia', 5, 18, 6),
	('KSIĘŻYC GRECJA', '9780689335976', 2004, 'Czarne', 'Fantasy', 5, 12, 6),
	('WYBORY PRZEBYWAĆ', '9780244697662', 1985, 'W.A.B.', 'Fantasy', 1, 14, 6),
	('PIWO STRONA 50', '9781120206008', 1977, 'Czarne', 'Science Fiction', 3, 19, 6),
	('SĄDZIĆ RYZYKO TRWAĆ KWESTIA', '9781331242222', 2023, 'W.A.B.', 'Nauka', 3, 5, 6),
	('NAUKOWIEC PLANOWAĆ NASZ', '9781717047199', 2024, 'Marginesy', 'Romans', 1, 11, 6),
	('KIEDYŚ PRZYJĘCIE SZKLANKA', '9780639536705', 1980, 'W.A.B.', 'Romans', 0, 1, 9),
	('STUDENT PROSTY', '9780267864164', 1991, 'Prószyński i S-ka', 'Romans', 2, 18, 6),
	('PORA JAZDA DAR PŁYWAĆ TOR', '9781797413778', 1986, 'Media Rodzina', 'Horror', 2, 11, 6),
	('LUDZIE BILET POLITYCZNY POTRZEBA', '9780032813786', 1976, 'Czarne', 'Romans', 2, 4, 6),
	('BIURO NAGLE DOKTOR MĘŻCZYZNA', '9780301431697', 2023, 'Zysk i S-ka', 'Biografia', 4, 17, 6),
	('TE CÓRKA POLICJANT', '9781423771326', 1961, 'Marginesy', 'Nauka', 4, 20, 6),
	('TŁUSZCZ PRZECIW', '9781689192170', 1962, 'Czarne', 'Obyczajowa', 2, 16, 6),
	('KILKA ZNAĆ RZEKA SAMICA KOLACJA', '9781053822153', 1969, 'Marginesy', 'Kryminał', 3, 4, 6),
	('MIEĆ NA IMIĘ BO PAPIER CZASEM', '9781049096568', 2004, 'Rebis', 'Science Fiction', 2, 2, 6),
	('TAJEMNICA SIŁA DZIECKO 10', '9780694275717', 2025, 'Marginesy', 'Science Fiction', 3, 19, 6),
	('KONTYNENT ZAZWYCZAJ MEBEL', '9780303410805', 1968, 'W.A.B.', 'Horror', 4, 4, 6),
	('PODZIAŁ W CELU', '9781722949495', 2016, 'Zysk i S-ka', 'Kryminał', 4, 16, 6),
	('POSIADAĆ SREBRO DZIEŁO', '9781254353906', 1994, 'Rebis', 'Biografia', 5, 11, 6),
	('STO ZATRZYMAĆ 1000 POWOLNY', '9780286421263', 1963, 'Prószyński i S-ka', 'Kryminał', 5, 7, 6),
	('LAMPA MUZYCZNY SUKCES KOŚCIÓŁ', '9780184169649', 1956, 'Rebis', 'Romans', 5, 11, 6),
	('MIĘSIEŃ WRACAĆ', '9781084371323', 1968, 'Zysk i S-ka', 'Science Fiction', 1, 5, 6),
	('PRZYJAŹŃ OKROPNY', '9780083636426', 1961, 'Media Rodzina', 'Nauka', 1, 16, 6),
	('AŻ SKŁADNIK ZWYCZAJ', '9780581404626', 2009, 'Marginesy', 'Dziecięca', 4, 12, 6),
	('SEKSUALNY GÓRNY BLISKI', '9781584082927', 2021, 'W.A.B.', 'Fantasy', 4, 20, 6),
	('PRZYKŁAD WSTYD ZAŁOŻYĆ', '9781650810188', 1952, 'Marginesy', 'Obyczajowa', 3, 17, 6),
	('JEZUS PRAWDZIWY OBIAD', '9780005979006', 1955, 'Zysk i S-ka', 'Nauka', 3, 15, 6),
	('WYDARZENIE BLADY MÓZG POMARAŃCZA POWSZECHNY', '9780581440938', 2022, 'Media Rodzina', 'Kryminał', 3, 8, 6),
	('GAZ DZIŚ PRZECIWNIK NAGLE', '9780243510962', 2016, 'Czarne', 'Nauka', 3, 16, 6),
	('ROBIĆ PIASEK MIESZKAĆ MEDYCYNA WESOŁY', '9781556046766', 2022, 'Rebis', 'Kryminał', 1, 8, 6),
	('BYCIE WOLNO ŚREDNI', '9781505263688', 1983, 'W.A.B.', 'Kryminał', 4, 12, 6),
	('LUBIĆ PROSZĘ WYRAŻENIE', '9780410262724', 1996, 'Znak', 'Science Fiction', 1, 2, 6),
	('POSTĘPOWAĆ STRACH 60 POLITYK', '9780547890920', 1956, 'Rebis', 'Biografia', 3, 19, 6),
	('UDERZAĆ WYBIERAĆ CUKIER', '9780224713122', 1981, 'Prószyński i S-ka', 'Kryminał', 3, 12, 6),
	('CZY KONTYNENT', '9780477248228', 1998, 'Media Rodzina', 'Horror', 4, 16, 6),
	('SPAŚĆ NADMIERNY', '9781342704450', 2010, 'W.A.B.', 'Kryminał', 2, 19, 6),
	('TECHNICZNY TY', '9781559648226', 2023, 'Marginesy', 'Horror', 2, 9, 6),
	('STAĆ BO OGON', '9781048798449', 1989, 'Prószyński i S-ka', 'Science Fiction', 1, 17, 6),
	('DZIELNICA RUCH POCIĄG', '9780454872644', 1995, 'Prószyński i S-ka', 'Dziecięca', 5, 12, 6),
	('SZCZĘŚLIWY GATUNEK POMOC JEŹDZIĆ MOC', '9780011662244', 1968, 'Znak', 'Nauka', 3, 16, 6),
	('OBSZAR JAPOŃSKI DUCH', '9781933047621', 2005, 'Prószyński i S-ka', 'Kryminał', 4, 5, 6),
	('KONTAKT PAPIEROS PRZYBYĆ DALEKI', '9781190741072', 1954, 'Marginesy', 'Obyczajowa', 4, 20, 6),
	('KUCHNIA TATA IŚĆ', '9781299911437', 2018, 'Prószyński i S-ka', 'Nauka', 1, 1, 6),
	('SAMOLOT TEREN MNÓSTWO KOBIETA', '9781433074660', 1952, 'Czarne', 'Nauka', 1, 4, 6),
	('ŚPIEWAĆ CZTERDZIEŚCI ZA POMOCĄ', '9780216622432', 2000, 'Prószyński i S-ka', 'Science Fiction', 4, 7, 6),
	('JAK SŁOŃ REZULTAT', '9781174893544', 1979, 'Media Rodzina', 'Nauka', 5, 8, 6),
	('TYP ILOŚĆ WOJSKO', '9780075006435', 1979, 'Czarne', 'Fantasy', 1, 2, 6),
	('BAR DOJŚĆ DZIEWIĘĆDZIESIĄT SŁOŃCE UMOWA', '9780904981513', 1964, 'Zysk i S-ka', 'Biografia', 2, 5, 6);

-- Powiązanie autorów z książkami
INSERT INTO authorsBooks (author_id, book_id)
VALUES	(1, 1), 
	(2, 1),
	(6, 2),
	(3, 3),
	(7, 4),
	(4, 5),
	(8, 6),
	(5, 7),
	(5, 8),
	(5, 9),
	(5, 10),
	(12, 11),
	(13, 12),
	(14, 13),
	(15, 14),
	(16, 15),
	(17, 16),
	(18, 17),
	(19, 18),
	(20, 19),
	(21, 20),
	(22, 21),
	(23, 22),
	(24, 23),
	(25, 24),
	(26, 25),
	(27, 26),
	(28, 27),
	(29, 28),
	(30, 29),
	(31, 30),
	(32, 31),
	(33, 32),
	(34, 33),
	(35, 34),
	(36, 35),
	(37, 36),
	(38, 37),
	(39, 38),
	(40, 39),
	(41, 40),
	(42, 41),
	(43, 42),
	(44, 43),
	(45, 44),
	(46, 45),
	(47, 46),
	(48, 47),
	(49, 48),
	(50, 49),
	(51, 50),
	(52, 51),
	(53, 52),
	(54, 53),
	(55, 54),
	(56, 55),
	(57, 56),
	(58, 57),
	(59, 58),
	(60, 59),
	(61, 60),
	(62, 61),
	(63, 62),
	(64, 63),
	(65, 64),
	(66, 65),
	(67, 66),
	(68, 67),
	(69, 68),
	(70, 69),
	(71, 70),
	(72, 71),
	(73, 72),
	(74, 73),
	(75, 74),
	(76, 75),
	(77, 76),
	(78, 77),
	(79, 78),
	(80, 79),
	(81, 80),
	(82, 81),
	(83, 82),
	(84, 83),
	(85, 84),
	(86, 85),
	(87, 86),
	(88, 87),
	(89, 88),
	(90, 89),
	(91, 90),
	(92, 91),
	(93, 92),
	(94, 93),
	(95, 94),
	(96, 95),
	(97, 96),
	(98, 97),
	(99, 98),
	(100, 99),
	(101, 100),
	(102, 101),
	(103, 102),
	(104, 103),
	(105, 104),
	(106, 105),
	(107, 106),
	(108, 107),
	(109, 108),
	(110, 109),
	(111, 110),
	(112, 111),
	(113, 112),
	(114, 113),
	(115, 114),
	(116, 115),
	(117, 116),
	(118, 117),
	(119, 118),
	(120, 119),
	(121, 120),
	(122, 121),
	(123, 122),
	(124, 123),
	(125, 124),
	(126, 125),
	(127, 126),
	(128, 127),
	(129, 128),
	(130, 129),
	(131, 130),
	(132, 131),
	(133, 132),
	(134, 133),
	(135, 134),
	(136, 135),
	(137, 136),
	(138, 137),
	(139, 138),
	(140, 139),
	(141, 140),
	(142, 141),
	(143, 142),
	(144, 143),
	(145, 144),
	(146, 145),
	(147, 146),
	(148, 147),
	(149, 148),
	(150, 149),
	(151, 150),
	(152, 151),
	(153, 152),
	(154, 153),
	(155, 154),
	(156, 155),
	(157, 156),
	(158, 157),
	(159, 158),
	(160, 159),
	(161, 160),
	(162, 161),
	(163, 162),
	(164, 163),
	(165, 164),
	(166, 165),
	(167, 166),
	(168, 167),
	(169, 168),
	(170, 169),
	(171, 170),
	(172, 171),
	(173, 172),
	(174, 173),
	(175, 174),
	(176, 175),
	(177, 176),
	(178, 177),
	(179, 178),
	(180, 179),
	(181, 180),
	(182, 181),
	(183, 182),
	(184, 183),
	(185, 184),
	(186, 185),
	(187, 186),
	(188, 187),
	(189, 188),
	(190, 189),
	(191, 190),
	(192, 191),
	(193, 192),
	(194, 193),
	(195, 194),
	(196, 195),
	(197, 196),
	(198, 197),
	(199, 198),
	(200, 199),
	(1, 200);

-- Dodanie użytkowników
INSERT INTO [user] (username, password_hash, email, [role], created_at, last_login, status_id)
VALUES	('monika_wojcik0', '5e884898da28047151d0e56f8dc6292773603d0d6aabbdd62a11ef721d1542d8', 'monika.wojcik0@biblioteka.com', 'user', '2024-03-05', '2025-01-29', 26),
	('bartek_kopczyk1', '5e884898da28047151d0e56f8dc6292773603d0d6aabbdd62a11ef721d1542d8', 'bartek.kopczyk1@biblioteka.com', 'admin', '2024-03-31', '2025-01-22', 27),
	('nicole_węgrzynowicz2', '5e884898da28047151d0e56f8dc6292773603d0d6aabbdd62a11ef721d1542d8', 'nicole.węgrzynowicz2@biblioteka.com', 'user', '2024-03-04', '2025-01-15', 28),
	('krzysztof_glenc3', '5e884898da28047151d0e56f8dc6292773603d0d6aabbdd62a11ef721d1542d8', 'krzysztof.glenc3@biblioteka.com', 'admin', '2024-02-12', '2025-04-26', 29),
	('adrian_dawidek4', '5e884898da28047151d0e56f8dc6292773603d0d6aabbdd62a11ef721d1542d8', 'adrian.dawidek4@biblioteka.com', 'librarian', '2024-03-30', '2025-03-28', 26),
	('dawid_wikło5', '5e884898da28047151d0e56f8dc6292773603d0d6aabbdd62a11ef721d1542d8', 'dawid.wikło5@biblioteka.com', 'user', '2024-03-13', '2025-02-20', 28),
	('eliza_kuczaj6', '5e884898da28047151d0e56f8dc6292773603d0d6aabbdd62a11ef721d1542d8', 'eliza.kuczaj6@biblioteka.com', 'user', '2024-03-23', '2025-01-06', 28),
	('bianka_postawa7', '5e884898da28047151d0e56f8dc6292773603d0d6aabbdd62a11ef721d1542d8', 'bianka.postawa7@biblioteka.com', 'admin', '2024-02-20', '2025-01-14', 26),
	('konstanty_czesak8', '5e884898da28047151d0e56f8dc6292773603d0d6aabbdd62a11ef721d1542d8', 'konstanty.czesak8@biblioteka.com', 'librarian', '2024-03-06', '2025-02-16', 27),
	('maksymilian_welc9', '5e884898da28047151d0e56f8dc6292773603d0d6aabbdd62a11ef721d1542d8', 'maksymilian.welc9@biblioteka.com', 'user', '2024-02-17', '2025-03-18', 26),
	('michał_staniczek10', '5e884898da28047151d0e56f8dc6292773603d0d6aabbdd62a11ef721d1542d8', 'michał.staniczek10@biblioteka.com', 'user', '2024-03-18', '2025-02-21', 28),
	('malwina_leżoń11', '5e884898da28047151d0e56f8dc6292773603d0d6aabbdd62a11ef721d1542d8', 'malwina.leżoń11@biblioteka.com', 'admin', '2024-03-09', '2025-04-23', 27),
	('cyprian_huczko12', '5e884898da28047151d0e56f8dc6292773603d0d6aabbdd62a11ef721d1542d8', 'cyprian.huczko12@biblioteka.com', 'librarian', '2024-03-25', '2025-04-28', 26),
	('jakub_kliber13', '5e884898da28047151d0e56f8dc6292773603d0d6aabbdd62a11ef721d1542d8', 'jakub.kliber13@biblioteka.com', 'librarian', '2024-03-13', '2025-03-23', 26),
	('gustaw_stwora14', '5e884898da28047151d0e56f8dc6292773603d0d6aabbdd62a11ef721d1542d8', 'gustaw.stwora14@biblioteka.com', 'user', '2024-03-16', '2025-03-20', 26),
	('sandra_śliż15', '5e884898da28047151d0e56f8dc6292773603d0d6aabbdd62a11ef721d1542d8', 'sandra.śliż15@biblioteka.com', 'user', '2024-03-03', '2025-04-01', 26),
	('ida_kurczab16', '5e884898da28047151d0e56f8dc6292773603d0d6aabbdd62a11ef721d1542d8', 'ida.kurczab16@biblioteka.com', 'librarian', '2024-04-03', '2025-02-11', 26),
	('ryszard_korbel17', '5e884898da28047151d0e56f8dc6292773603d0d6aabbdd62a11ef721d1542d8', 'ryszard.korbel17@biblioteka.com', 'admin', '2024-02-20', '2025-04-22', 26),
	('piotr_poniedziałek18', '5e884898da28047151d0e56f8dc6292773603d0d6aabbdd62a11ef721d1542d8', 'piotr.poniedziałek18@biblioteka.com', 'admin', '2024-04-01', '2025-01-20', 26),
	('mieszko_bartłomiejczyk19', '5e884898da28047151d0e56f8dc6292773603d0d6aabbdd62a11ef721d1542d8', 'mieszko.bartłomiejczyk19@biblioteka.com', 'admin', '2024-02-29', '2025-04-02', 27),
	('klara_kasak20', '5e884898da28047151d0e56f8dc6292773603d0d6aabbdd62a11ef721d1542d8', 'klara.kasak20@biblioteka.com', 'librarian', '2024-02-15', '2025-04-13', 27),
	('jerzy_maćków21', '5e884898da28047151d0e56f8dc6292773603d0d6aabbdd62a11ef721d1542d8', 'jerzy.maćków21@biblioteka.com', 'admin', '2024-04-06', '2025-04-28', 27),
	('ada_trzop22', '5e884898da28047151d0e56f8dc6292773603d0d6aabbdd62a11ef721d1542d8', 'ada.trzop22@biblioteka.com', 'user', '2024-02-25', '2025-01-17', 27),
	('bianka_dzienis23', '5e884898da28047151d0e56f8dc6292773603d0d6aabbdd62a11ef721d1542d8', 'bianka.dzienis23@biblioteka.com', 'librarian', '2024-02-11', '2025-04-08', 28),
	('justyna_kościuszko24', '5e884898da28047151d0e56f8dc6292773603d0d6aabbdd62a11ef721d1542d8', 'justyna.kościuszko24@biblioteka.com', 'librarian', '2024-04-06', '2025-01-21', 28),
	('stefan_plizga25', '5e884898da28047151d0e56f8dc6292773603d0d6aabbdd62a11ef721d1542d8', 'stefan.plizga25@biblioteka.com', 'admin', '2024-03-11', '2025-02-17', 28),
	('ada_herok26', '5e884898da28047151d0e56f8dc6292773603d0d6aabbdd62a11ef721d1542d8', 'ada.herok26@biblioteka.com', 'librarian', '2024-04-08', '2025-03-09', 26),
	('blanka_gabryelczyk27', '5e884898da28047151d0e56f8dc6292773603d0d6aabbdd62a11ef721d1542d8', 'blanka.gabryelczyk27@biblioteka.com', 'user', '2024-03-18', '2025-01-12', 26),
	('kornelia_gryszkiewicz28', '5e884898da28047151d0e56f8dc6292773603d0d6aabbdd62a11ef721d1542d8', 'kornelia.gryszkiewicz28@biblioteka.com', 'admin', '2024-03-30', '2025-03-18', 26),
	('julianna_zagrajek29', '5e884898da28047151d0e56f8dc6292773603d0d6aabbdd62a11ef721d1542d8', 'julianna.zagrajek29@biblioteka.com', 'admin', '2024-03-09', '2025-04-26', 26),
	('emil_mulawa30', '5e884898da28047151d0e56f8dc6292773603d0d6aabbdd62a11ef721d1542d8', 'emil.mulawa30@biblioteka.com', 'librarian', '2024-03-16', '2025-04-26', 26),
	('krystyna_milcarz31', '5e884898da28047151d0e56f8dc6292773603d0d6aabbdd62a11ef721d1542d8', 'krystyna.milcarz31@biblioteka.com', 'librarian', '2024-04-03', '2025-03-03', 26),
	('emil_milej32', '5e884898da28047151d0e56f8dc6292773603d0d6aabbdd62a11ef721d1542d8', 'emil.milej32@biblioteka.com', 'admin', '2024-03-19', '2025-01-30', 26),
	('janina_krajniak33', '5e884898da28047151d0e56f8dc6292773603d0d6aabbdd62a11ef721d1542d8', 'janina.krajniak33@biblioteka.com', 'admin', '2024-04-07', '2025-01-01', 27),
	('alan_antończak34', '5e884898da28047151d0e56f8dc6292773603d0d6aabbdd62a11ef721d1542d8', 'alan.antończak34@biblioteka.com', 'user', '2024-03-01', '2025-03-06', 28),
	('piotr_guściora35', '5e884898da28047151d0e56f8dc6292773603d0d6aabbdd62a11ef721d1542d8', 'piotr.guściora35@biblioteka.com', 'librarian', '2024-03-03', '2025-01-09', 28),
	('monika_stępak36', '5e884898da28047151d0e56f8dc6292773603d0d6aabbdd62a11ef721d1542d8', 'monika.stępak36@biblioteka.com', 'librarian', '2024-04-11', '2025-04-16', 27),
	('fabian_stanisławek37', '5e884898da28047151d0e56f8dc6292773603d0d6aabbdd62a11ef721d1542d8', 'fabian.stanisławek37@biblioteka.com', 'librarian', '2024-03-06', '2025-04-14', 27),
	('olaf_basa38', '5e884898da28047151d0e56f8dc6292773603d0d6aabbdd62a11ef721d1542d8', 'olaf.basa38@biblioteka.com', 'user', '2024-02-21', '2025-03-24', 26),
	('jerzy_klaus39', '5e884898da28047151d0e56f8dc6292773603d0d6aabbdd62a11ef721d1542d8', 'jerzy.klaus39@biblioteka.com', 'user', '2024-02-29', '2025-04-04', 26),
	('szymon_niewiara40', '5e884898da28047151d0e56f8dc6292773603d0d6aabbdd62a11ef721d1542d8', 'szymon.niewiara40@biblioteka.com', 'user', '2024-04-11', '2025-01-05', 26),
	('natan_matulka41', '5e884898da28047151d0e56f8dc6292773603d0d6aabbdd62a11ef721d1542d8', 'natan.matulka41@biblioteka.com', 'librarian', '2024-02-20', '2025-03-04', 26),
	('grzegorz_prokopczuk42', '5e884898da28047151d0e56f8dc6292773603d0d6aabbdd62a11ef721d1542d8', 'grzegorz.prokopczuk42@biblioteka.com', 'admin', '2024-02-16', '2025-03-28', 27),
	('sonia_sabak43', '5e884898da28047151d0e56f8dc6292773603d0d6aabbdd62a11ef721d1542d8', 'sonia.sabak43@biblioteka.com', 'user', '2024-04-02', '2025-02-15', 27),
	('krzysztof_sztuba44', '5e884898da28047151d0e56f8dc6292773603d0d6aabbdd62a11ef721d1542d8', 'krzysztof.sztuba44@biblioteka.com', 'user', '2024-03-21', '2025-03-01', 28),
	('oskar_wojtalik45', '5e884898da28047151d0e56f8dc6292773603d0d6aabbdd62a11ef721d1542d8', 'oskar.wojtalik45@biblioteka.com', 'librarian', '2024-02-14', '2025-01-13', 28),
	('filip_kosela46', '5e884898da28047151d0e56f8dc6292773603d0d6aabbdd62a11ef721d1542d8', 'filip.kosela46@biblioteka.com', 'user', '2024-02-12', '2025-01-05', 26),
	('kajetan_patora47', '5e884898da28047151d0e56f8dc6292773603d0d6aabbdd62a11ef721d1542d8', 'kajetan.patora47@biblioteka.com', 'admin', '2024-02-19', '2025-03-22', 26),
	('angelika_stachewicz48', '5e884898da28047151d0e56f8dc6292773603d0d6aabbdd62a11ef721d1542d8', 'angelika.stachewicz48@biblioteka.com', 'user', '2024-03-26', '2025-03-12', 26),
	('justyna_rajch49', '5e884898da28047151d0e56f8dc6292773603d0d6aabbdd62a11ef721d1542d8', 'justyna.rajch49@biblioteka.com', 'librarian', '2024-02-23', '2025-02-19', 26),
	('kornelia_wierzchoń50', '5e884898da28047151d0e56f8dc6292773603d0d6aabbdd62a11ef721d1542d8', 'kornelia.wierzchoń50@biblioteka.com', 'user', '2024-04-07', '2025-01-08', 26),
	('aleks_marach51', '5e884898da28047151d0e56f8dc6292773603d0d6aabbdd62a11ef721d1542d8', 'aleks.marach51@biblioteka.com', 'admin', '2024-03-11', '2025-03-20', 26),
	('monika_szpara52', '5e884898da28047151d0e56f8dc6292773603d0d6aabbdd62a11ef721d1542d8', 'monika.szpara52@biblioteka.com', 'librarian', '2024-03-23', '2025-01-16', 26),
	('ewelina_pytlarz53', '5e884898da28047151d0e56f8dc6292773603d0d6aabbdd62a11ef721d1542d8', 'ewelina.pytlarz53@biblioteka.com', 'admin', '2024-03-21', '2025-02-07', 26),
	('damian_wojewódka54', '5e884898da28047151d0e56f8dc6292773603d0d6aabbdd62a11ef721d1542d8', 'damian.wojewódka54@biblioteka.com', 'librarian', '2024-04-02', '2025-02-07', 26),
	('damian_wenzel55', '5e884898da28047151d0e56f8dc6292773603d0d6aabbdd62a11ef721d1542d8', 'damian.wenzel55@biblioteka.com', 'admin', '2024-04-02', '2025-01-16', 26),
	('dominik_węgrzyk56', '5e884898da28047151d0e56f8dc6292773603d0d6aabbdd62a11ef721d1542d8', 'dominik.węgrzyk56@biblioteka.com', 'user', '2024-02-13', '2025-04-11', 26),
	('oliwier_winnik57', '5e884898da28047151d0e56f8dc6292773603d0d6aabbdd62a11ef721d1542d8', 'oliwier.winnik57@biblioteka.com', 'librarian', '2024-03-05', '2025-04-07', 26),
	('ryszard_jarmuła58', '5e884898da28047151d0e56f8dc6292773603d0d6aabbdd62a11ef721d1542d8', 'ryszard.jarmuła58@biblioteka.com', 'librarian', '2024-03-04', '2025-04-12', 26),
	('norbert_plich59', '5e884898da28047151d0e56f8dc6292773603d0d6aabbdd62a11ef721d1542d8', 'norbert.plich59@biblioteka.com', 'user', '2024-02-13', '2025-04-26', 26),
	('kamila_feret60', '5e884898da28047151d0e56f8dc6292773603d0d6aabbdd62a11ef721d1542d8', 'kamila.feret60@biblioteka.com', 'librarian', '2024-02-27', '2025-04-26', 26),
	('julianna_kultys61', '5e884898da28047151d0e56f8dc6292773603d0d6aabbdd62a11ef721d1542d8', 'julianna.kultys61@biblioteka.com', 'admin', '2024-03-24', '2025-03-14', 26),
	('cezary_morek62', '5e884898da28047151d0e56f8dc6292773603d0d6aabbdd62a11ef721d1542d8', 'cezary.morek62@biblioteka.com', 'user', '2024-02-25', '2025-01-12', 26),
	('marcelina_miszkiewicz63', '5e884898da28047151d0e56f8dc6292773603d0d6aabbdd62a11ef721d1542d8', 'marcelina.miszkiewicz63@biblioteka.com', 'admin', '2024-03-26', '2025-03-09', 26),
	('stanisław_ziniewicz64', '5e884898da28047151d0e56f8dc6292773603d0d6aabbdd62a11ef721d1542d8', 'stanisław.ziniewicz64@biblioteka.com', 'admin', '2024-03-01', '2025-01-15', 26),
	('gustaw_kucharzyk65', '5e884898da28047151d0e56f8dc6292773603d0d6aabbdd62a11ef721d1542d8', 'gustaw.kucharzyk65@biblioteka.com', 'librarian', '2024-04-08', '2025-03-14', 26),
	('agnieszka_zybura66', '5e884898da28047151d0e56f8dc6292773603d0d6aabbdd62a11ef721d1542d8', 'agnieszka.zybura66@biblioteka.com', 'user', '2024-04-10', '2025-01-14', 26),
	('fabian_hołota67', '5e884898da28047151d0e56f8dc6292773603d0d6aabbdd62a11ef721d1542d8', 'fabian.hołota67@biblioteka.com', 'user', '2024-02-17', '2025-02-23', 26),
	('gabriel_maleszka68', '5e884898da28047151d0e56f8dc6292773603d0d6aabbdd62a11ef721d1542d8', 'gabriel.maleszka68@biblioteka.com', 'admin', '2024-02-12', '2025-04-12', 26),
	('krzysztof_saran69', '5e884898da28047151d0e56f8dc6292773603d0d6aabbdd62a11ef721d1542d8', 'krzysztof.saran69@biblioteka.com', 'librarian', '2024-03-25', '2025-02-23', 26),
	('maciej_kolbusz70', '5e884898da28047151d0e56f8dc6292773603d0d6aabbdd62a11ef721d1542d8', 'maciej.kolbusz70@biblioteka.com', 'librarian', '2024-04-09', '2025-04-21', 26),
	('tomasz_bany71', '5e884898da28047151d0e56f8dc6292773603d0d6aabbdd62a11ef721d1542d8', 'tomasz.bany71@biblioteka.com', 'admin', '2024-02-27', '2025-01-11', 26),
	('jan_gumienny72', '5e884898da28047151d0e56f8dc6292773603d0d6aabbdd62a11ef721d1542d8', 'jan.gumienny72@biblioteka.com', 'user', '2024-02-18', '2025-02-15', 26),
	('fabian_drygas73', '5e884898da28047151d0e56f8dc6292773603d0d6aabbdd62a11ef721d1542d8', 'fabian.drygas73@biblioteka.com', 'user', '2024-03-04', '2025-02-14', 26),
	('jakub_muc74', '5e884898da28047151d0e56f8dc6292773603d0d6aabbdd62a11ef721d1542d8', 'jakub.muc74@biblioteka.com', 'user', '2024-04-04', '2025-01-30', 26),
	('aleksander_matulka75', '5e884898da28047151d0e56f8dc6292773603d0d6aabbdd62a11ef721d1542d8', 'aleksander.matulka75@biblioteka.com', 'user', '2024-03-20', '2025-04-25', 26),
	('gaja_godzwon76', '5e884898da28047151d0e56f8dc6292773603d0d6aabbdd62a11ef721d1542d8', 'gaja.godzwon76@biblioteka.com', 'user', '2024-02-11', '2025-01-27', 26),
	('alan_moniuszko77', '5e884898da28047151d0e56f8dc6292773603d0d6aabbdd62a11ef721d1542d8', 'alan.moniuszko77@biblioteka.com', 'admin', '2024-03-28', '2025-05-01', 26),
	('maksymilian_maruszczyk78', '5e884898da28047151d0e56f8dc6292773603d0d6aabbdd62a11ef721d1542d8', 'maksymilian.maruszczyk78@biblioteka.com', 'admin', '2024-02-11', '2025-02-07', 26),
	('sebastian_ważny79', '5e884898da28047151d0e56f8dc6292773603d0d6aabbdd62a11ef721d1542d8', 'sebastian.ważny79@biblioteka.com', 'admin', '2024-02-12', '2025-04-30', 26),
	('melania_chochół80', '5e884898da28047151d0e56f8dc6292773603d0d6aabbdd62a11ef721d1542d8', 'melania.chochół80@biblioteka.com', 'user', '2024-04-05', '2025-01-19', 26),
	('paweł_fiedorczuk81', '5e884898da28047151d0e56f8dc6292773603d0d6aabbdd62a11ef721d1542d8', 'paweł.fiedorczuk81@biblioteka.com', 'librarian', '2024-02-18', '2025-03-03', 26),
	('wiktor_bartela82', '5e884898da28047151d0e56f8dc6292773603d0d6aabbdd62a11ef721d1542d8', 'wiktor.bartela82@biblioteka.com', 'admin', '2024-02-27', '2025-01-17', 26),
	('oliwier_danisz83', '5e884898da28047151d0e56f8dc6292773603d0d6aabbdd62a11ef721d1542d8', 'oliwier.danisz83@biblioteka.com', 'user', '2024-03-05', '2025-02-12', 26),
	('oskar_fura84', '5e884898da28047151d0e56f8dc6292773603d0d6aabbdd62a11ef721d1542d8', 'oskar.fura84@biblioteka.com', 'librarian', '2024-02-29', '2025-04-30', 26),
	('kornelia_koczy85', '5e884898da28047151d0e56f8dc6292773603d0d6aabbdd62a11ef721d1542d8', 'kornelia.koczy85@biblioteka.com', 'admin', '2024-03-02', '2025-01-24', 26),
	('oliwier_winnik86', '5e884898da28047151d0e56f8dc6292773603d0d6aabbdd62a11ef721d1542d8', 'oliwier.winnik86@biblioteka.com', 'user', '2024-02-17', '2025-03-10', 26),
	('adrianna_dawiec87', '5e884898da28047151d0e56f8dc6292773603d0d6aabbdd62a11ef721d1542d8', 'adrianna.dawiec87@biblioteka.com', 'librarian', '2024-02-21', '2025-02-18', 26),
	('alan_kieloch88', '5e884898da28047151d0e56f8dc6292773603d0d6aabbdd62a11ef721d1542d8', 'alan.kieloch88@biblioteka.com', 'user', '2024-04-02', '2025-01-29', 26),
	('paweł_nazimek89', '5e884898da28047151d0e56f8dc6292773603d0d6aabbdd62a11ef721d1542d8', 'paweł.nazimek89@biblioteka.com', 'admin', '2024-02-26', '2025-01-31', 26),
	('mariusz_korbut90', '5e884898da28047151d0e56f8dc6292773603d0d6aabbdd62a11ef721d1542d8', 'mariusz.korbut90@biblioteka.com', 'librarian', '2024-03-05', '2025-02-23', 26),
	('kaja_knapek91', '5e884898da28047151d0e56f8dc6292773603d0d6aabbdd62a11ef721d1542d8', 'kaja.knapek91@biblioteka.com', 'user', '2024-04-06', '2025-01-17', 26),
	('adrian_grzejszczak92', '5e884898da28047151d0e56f8dc6292773603d0d6aabbdd62a11ef721d1542d8', 'adrian.grzejszczak92@biblioteka.com', 'user', '2024-03-07', '2025-01-10', 26),
	('dorota_rajczyk93', '5e884898da28047151d0e56f8dc6292773603d0d6aabbdd62a11ef721d1542d8', 'dorota.rajczyk93@biblioteka.com', 'user', '2024-02-19', '2025-02-23', 26),
	('bianka_krekora94', '5e884898da28047151d0e56f8dc6292773603d0d6aabbdd62a11ef721d1542d8', 'bianka.krekora94@biblioteka.com', 'admin', '2024-03-08', '2025-04-05', 26),
	('patryk_sadoch95', '5e884898da28047151d0e56f8dc6292773603d0d6aabbdd62a11ef721d1542d8', 'patryk.sadoch95@biblioteka.com', 'admin', '2024-03-09', '2025-02-08', 26),
	('albert_ogłaza96', '5e884898da28047151d0e56f8dc6292773603d0d6aabbdd62a11ef721d1542d8', 'albert.ogłaza96@biblioteka.com', 'librarian', '2024-02-16', '2025-02-01', 26),
	('mariusz_hadała97', '5e884898da28047151d0e56f8dc6292773603d0d6aabbdd62a11ef721d1542d8', 'mariusz.hadała97@biblioteka.com', 'admin', '2024-03-05', '2025-03-23', 26),
	('kazimierz_mordal98', '5e884898da28047151d0e56f8dc6292773603d0d6aabbdd62a11ef721d1542d8', 'kazimierz.mordal98@biblioteka.com', 'user', '2024-03-06', '2025-02-22', 26),
	('anita_podleśna99', '5e884898da28047151d0e56f8dc6292773603d0d6aabbdd62a11ef721d1542d8', 'anita.podleśna99@biblioteka.com', 'librarian', '2024-03-28', '2025-04-26', 26),
	('kamila_dyka100', '5e884898da28047151d0e56f8dc6292773603d0d6aabbdd62a11ef721d1542d8', 'kamila.dyka100@biblioteka.com', 'librarian', '2024-02-24', '2025-02-17', 26),
	('tadeusz_matwiejczyk101', '5e884898da28047151d0e56f8dc6292773603d0d6aabbdd62a11ef721d1542d8', 'tadeusz.matwiejczyk101@biblioteka.com', 'librarian', '2024-02-16', '2025-01-24', 26),
	('tomasz_kolanek102', '5e884898da28047151d0e56f8dc6292773603d0d6aabbdd62a11ef721d1542d8', 'tomasz.kolanek102@biblioteka.com', 'librarian', '2024-02-18', '2025-03-13', 26),
	('olga_reimann103', '5e884898da28047151d0e56f8dc6292773603d0d6aabbdd62a11ef721d1542d8', 'olga.reimann103@biblioteka.com', 'admin', '2024-02-20', '2025-04-12', 26),
	('dariusz_reiter104', '5e884898da28047151d0e56f8dc6292773603d0d6aabbdd62a11ef721d1542d8', 'dariusz.reiter104@biblioteka.com', 'librarian', '2024-04-10', '2025-02-21', 26),
	('ryszard_bulak105', '5e884898da28047151d0e56f8dc6292773603d0d6aabbdd62a11ef721d1542d8', 'ryszard.bulak105@biblioteka.com', 'librarian', '2024-03-09', '2025-01-23', 26),
	('dorota_szyjka106', '5e884898da28047151d0e56f8dc6292773603d0d6aabbdd62a11ef721d1542d8', 'dorota.szyjka106@biblioteka.com', 'librarian', '2024-03-03', '2025-04-30', 26),
	('michał_lorenz107', '5e884898da28047151d0e56f8dc6292773603d0d6aabbdd62a11ef721d1542d8', 'michał.lorenz107@biblioteka.com', 'user', '2024-03-04', '2025-03-01', 26),
	('jakub_widuch108', '5e884898da28047151d0e56f8dc6292773603d0d6aabbdd62a11ef721d1542d8', 'jakub.widuch108@biblioteka.com', 'admin', '2024-02-16', '2025-03-03', 26),
	('juliusz_cyrulik109', '5e884898da28047151d0e56f8dc6292773603d0d6aabbdd62a11ef721d1542d8', 'juliusz.cyrulik109@biblioteka.com', 'librarian', '2024-02-11', '2025-04-17', 26),
	('nikodem_jancewicz110', '5e884898da28047151d0e56f8dc6292773603d0d6aabbdd62a11ef721d1542d8', 'nikodem.jancewicz110@biblioteka.com', 'librarian', '2024-03-21', '2025-03-01', 26),
	('sebastian_kałwa111', '5e884898da28047151d0e56f8dc6292773603d0d6aabbdd62a11ef721d1542d8', 'sebastian.kałwa111@biblioteka.com', 'user', '2024-03-01', '2025-01-15', 26),
	('oliwier_pikula112', '5e884898da28047151d0e56f8dc6292773603d0d6aabbdd62a11ef721d1542d8', 'oliwier.pikula112@biblioteka.com', 'librarian', '2024-03-16', '2025-03-19', 26),
	('marika_starostka113', '5e884898da28047151d0e56f8dc6292773603d0d6aabbdd62a11ef721d1542d8', 'marika.starostka113@biblioteka.com', 'librarian', '2024-03-27', '2025-04-07', 26),
	('karina_węgier114', '5e884898da28047151d0e56f8dc6292773603d0d6aabbdd62a11ef721d1542d8', 'karina.węgier114@biblioteka.com', 'user', '2024-03-25', '2025-03-05', 26),
	('hubert_kucharz115', '5e884898da28047151d0e56f8dc6292773603d0d6aabbdd62a11ef721d1542d8', 'hubert.kucharz115@biblioteka.com', 'admin', '2024-03-30', '2025-02-21', 26),
	('robert_krzyk116', '5e884898da28047151d0e56f8dc6292773603d0d6aabbdd62a11ef721d1542d8', 'robert.krzyk116@biblioteka.com', 'admin', '2024-02-12', '2025-01-16', 26),
	('sebastian_mądrzyk117', '5e884898da28047151d0e56f8dc6292773603d0d6aabbdd62a11ef721d1542d8', 'sebastian.mądrzyk117@biblioteka.com', 'admin', '2024-02-13', '2025-01-01', 26),
	('maciej_jarczak118', '5e884898da28047151d0e56f8dc6292773603d0d6aabbdd62a11ef721d1542d8', 'maciej.jarczak118@biblioteka.com', 'librarian', '2024-03-15', '2025-04-24', 26),
	('nataniel_dywan119', '5e884898da28047151d0e56f8dc6292773603d0d6aabbdd62a11ef721d1542d8', 'nataniel.dywan119@biblioteka.com', 'admin', '2024-03-07', '2025-02-26', 26),
	('kazimierz_pagacz120', '5e884898da28047151d0e56f8dc6292773603d0d6aabbdd62a11ef721d1542d8', 'kazimierz.pagacz120@biblioteka.com', 'admin', '2024-02-27', '2025-02-15', 26),
	('patryk_wypchło121', '5e884898da28047151d0e56f8dc6292773603d0d6aabbdd62a11ef721d1542d8', 'patryk.wypchło121@biblioteka.com', 'admin', '2024-04-09', '2025-01-26', 26),
	('anastazja_dzierżak122', '5e884898da28047151d0e56f8dc6292773603d0d6aabbdd62a11ef721d1542d8', 'anastazja.dzierżak122@biblioteka.com', 'user', '2024-02-13', '2025-01-10', 26),
	('iwo_piekarek123', '5e884898da28047151d0e56f8dc6292773603d0d6aabbdd62a11ef721d1542d8', 'iwo.piekarek123@biblioteka.com', 'librarian', '2024-03-16', '2025-02-13', 26),
	('rafał_krzysztoszek124', '5e884898da28047151d0e56f8dc6292773603d0d6aabbdd62a11ef721d1542d8', 'rafał.krzysztoszek124@biblioteka.com', 'admin', '2024-04-06', '2025-02-01', 26),
	('oliwier_szpyt125', '5e884898da28047151d0e56f8dc6292773603d0d6aabbdd62a11ef721d1542d8', 'oliwier.szpyt125@biblioteka.com', 'user', '2024-03-08', '2025-04-21', 26),
	('andrzej_danieluk126', '5e884898da28047151d0e56f8dc6292773603d0d6aabbdd62a11ef721d1542d8', 'andrzej.danieluk126@biblioteka.com', 'librarian', '2024-03-15', '2025-01-18', 26),
	('blanka_kulus127', '5e884898da28047151d0e56f8dc6292773603d0d6aabbdd62a11ef721d1542d8', 'blanka.kulus127@biblioteka.com', 'admin', '2024-03-22', '2025-01-27', 26),
	('paweł_miszkiel128', '5e884898da28047151d0e56f8dc6292773603d0d6aabbdd62a11ef721d1542d8', 'paweł.miszkiel128@biblioteka.com', 'user', '2024-03-08', '2025-03-23', 26),
	('tobiasz_majdan129', '5e884898da28047151d0e56f8dc6292773603d0d6aabbdd62a11ef721d1542d8', 'tobiasz.majdan129@biblioteka.com', 'librarian', '2024-03-29', '2025-04-10', 26),
	('maurycy_płaneta130', '5e884898da28047151d0e56f8dc6292773603d0d6aabbdd62a11ef721d1542d8', 'maurycy.płaneta130@biblioteka.com', 'librarian', '2024-03-10', '2025-02-17', 26),
	('kornel_rusnak131', '5e884898da28047151d0e56f8dc6292773603d0d6aabbdd62a11ef721d1542d8', 'kornel.rusnak131@biblioteka.com', 'admin', '2024-02-19', '2025-01-21', 26),
	('kamila_hałat132', '5e884898da28047151d0e56f8dc6292773603d0d6aabbdd62a11ef721d1542d8', 'kamila.hałat132@biblioteka.com', 'admin', '2024-02-18', '2025-02-18', 26),
	('sandra_grupa133', '5e884898da28047151d0e56f8dc6292773603d0d6aabbdd62a11ef721d1542d8', 'sandra.grupa133@biblioteka.com', 'admin', '2024-03-11', '2025-01-18', 26),
	('jeremi_zmyślony134', '5e884898da28047151d0e56f8dc6292773603d0d6aabbdd62a11ef721d1542d8', 'jeremi.zmyślony134@biblioteka.com', 'admin', '2024-03-01', '2025-02-15', 26),
	('damian_owczarczak135', '5e884898da28047151d0e56f8dc6292773603d0d6aabbdd62a11ef721d1542d8', 'damian.owczarczak135@biblioteka.com', 'librarian', '2024-03-29', '2025-02-23', 26),
	('aleksander_tadych136', '5e884898da28047151d0e56f8dc6292773603d0d6aabbdd62a11ef721d1542d8', 'aleksander.tadych136@biblioteka.com', 'librarian', '2024-03-13', '2025-03-30', 26),
	('cezary_myga137', '5e884898da28047151d0e56f8dc6292773603d0d6aabbdd62a11ef721d1542d8', 'cezary.myga137@biblioteka.com', 'librarian', '2024-03-13', '2025-03-25', 26),
	('maksymilian_herba138', '5e884898da28047151d0e56f8dc6292773603d0d6aabbdd62a11ef721d1542d8', 'maksymilian.herba138@biblioteka.com', 'librarian', '2024-03-01', '2025-01-19', 26),
	('urszula_opoka139', '5e884898da28047151d0e56f8dc6292773603d0d6aabbdd62a11ef721d1542d8', 'urszula.opoka139@biblioteka.com', 'librarian', '2024-02-14', '2025-04-24', 26),
	('cezary_burzawa140', '5e884898da28047151d0e56f8dc6292773603d0d6aabbdd62a11ef721d1542d8', 'cezary.burzawa140@biblioteka.com', 'user', '2024-02-12', '2025-02-15', 26),
	('kajetan_żołądź141', '5e884898da28047151d0e56f8dc6292773603d0d6aabbdd62a11ef721d1542d8', 'kajetan.żołądź141@biblioteka.com', 'librarian', '2024-04-07', '2025-01-02', 26),
	('leonard_labocha142', '5e884898da28047151d0e56f8dc6292773603d0d6aabbdd62a11ef721d1542d8', 'leonard.labocha142@biblioteka.com', 'user', '2024-03-25', '2025-04-21', 26),
	('anna maria_wojtaszak143', '5e884898da28047151d0e56f8dc6292773603d0d6aabbdd62a11ef721d1542d8', 'anna maria.wojtaszak143@biblioteka.com', 'admin', '2024-04-11', '2025-04-05', 26),
	('oliwier_bors144', '5e884898da28047151d0e56f8dc6292773603d0d6aabbdd62a11ef721d1542d8', 'oliwier.bors144@biblioteka.com', 'librarian', '2024-02-11', '2025-02-16', 26),
	('sonia_glanc145', '5e884898da28047151d0e56f8dc6292773603d0d6aabbdd62a11ef721d1542d8', 'sonia.glanc145@biblioteka.com', 'user', '2024-03-21', '2025-01-01', 26),
	('nicole_kuzior146', '5e884898da28047151d0e56f8dc6292773603d0d6aabbdd62a11ef721d1542d8', 'nicole.kuzior146@biblioteka.com', 'admin', '2024-03-26', '2025-02-07', 26),
	('tola_dybka147', '5e884898da28047151d0e56f8dc6292773603d0d6aabbdd62a11ef721d1542d8', 'tola.dybka147@biblioteka.com', 'user', '2024-02-20', '2025-04-07', 26),
	('kalina_suchoń148', '5e884898da28047151d0e56f8dc6292773603d0d6aabbdd62a11ef721d1542d8', 'kalina.suchoń148@biblioteka.com', 'librarian', '2024-02-23', '2025-01-14', 26),
	('maciej_ryczko149', '5e884898da28047151d0e56f8dc6292773603d0d6aabbdd62a11ef721d1542d8', 'maciej.ryczko149@biblioteka.com', 'librarian', '2024-03-27', '2025-02-12', 26),
	('jan_dziadkowiec150', '5e884898da28047151d0e56f8dc6292773603d0d6aabbdd62a11ef721d1542d8', 'jan.dziadkowiec150@biblioteka.com', 'user', '2024-03-03', '2025-02-23', 26),
	('damian_achtelik151', '5e884898da28047151d0e56f8dc6292773603d0d6aabbdd62a11ef721d1542d8', 'damian.achtelik151@biblioteka.com', 'admin', '2024-03-09', '2025-01-19', 26),
	('tymoteusz_nickel152', '5e884898da28047151d0e56f8dc6292773603d0d6aabbdd62a11ef721d1542d8', 'tymoteusz.nickel152@biblioteka.com', 'admin', '2024-02-20', '2025-03-09', 26),
	('olga_piwek153', '5e884898da28047151d0e56f8dc6292773603d0d6aabbdd62a11ef721d1542d8', 'olga.piwek153@biblioteka.com', 'user', '2024-02-24', '2025-04-27', 26),
	('janina_czochara154', '5e884898da28047151d0e56f8dc6292773603d0d6aabbdd62a11ef721d1542d8', 'janina.czochara154@biblioteka.com', 'librarian', '2024-03-04', '2025-04-12', 26),
	('konrad_domżał155', '5e884898da28047151d0e56f8dc6292773603d0d6aabbdd62a11ef721d1542d8', 'konrad.domżał155@biblioteka.com', 'librarian', '2024-04-02', '2025-03-04', 26),
	('inga_szumacher156', '5e884898da28047151d0e56f8dc6292773603d0d6aabbdd62a11ef721d1542d8', 'inga.szumacher156@biblioteka.com', 'admin', '2024-02-25', '2025-04-12', 26),
	('rafał_karnas157', '5e884898da28047151d0e56f8dc6292773603d0d6aabbdd62a11ef721d1542d8', 'rafał.karnas157@biblioteka.com', 'librarian', '2024-04-11', '2025-01-27', 26),
	('inga_parus158', '5e884898da28047151d0e56f8dc6292773603d0d6aabbdd62a11ef721d1542d8', 'inga.parus158@biblioteka.com', 'admin', '2024-02-14', '2025-04-26', 26),
	('aniela_apanowicz159', '5e884898da28047151d0e56f8dc6292773603d0d6aabbdd62a11ef721d1542d8', 'aniela.apanowicz159@biblioteka.com', 'user', '2024-02-25', '2025-03-23', 26),
	('józef_prokopczuk160', '5e884898da28047151d0e56f8dc6292773603d0d6aabbdd62a11ef721d1542d8', 'józef.prokopczuk160@biblioteka.com', 'user', '2024-03-05', '2025-01-08', 26),
	('mieszko_brejnak161', '5e884898da28047151d0e56f8dc6292773603d0d6aabbdd62a11ef721d1542d8', 'mieszko.brejnak161@biblioteka.com', 'admin', '2024-03-25', '2025-01-23', 26),
	('oliwier_miros162', '5e884898da28047151d0e56f8dc6292773603d0d6aabbdd62a11ef721d1542d8', 'oliwier.miros162@biblioteka.com', 'admin', '2024-03-01', '2025-03-20', 26),
	('kacper_milej163', '5e884898da28047151d0e56f8dc6292773603d0d6aabbdd62a11ef721d1542d8', 'kacper.milej163@biblioteka.com', 'admin', '2024-04-06', '2025-03-07', 26),
	('dariusz_kałwa164', '5e884898da28047151d0e56f8dc6292773603d0d6aabbdd62a11ef721d1542d8', 'dariusz.kałwa164@biblioteka.com', 'librarian', '2024-03-08', '2025-02-28', 26),
	('malwina_łabuś165', '5e884898da28047151d0e56f8dc6292773603d0d6aabbdd62a11ef721d1542d8', 'malwina.łabuś165@biblioteka.com', 'admin', '2024-03-26', '2025-03-08', 26),
	('olaf_serzysko166', '5e884898da28047151d0e56f8dc6292773603d0d6aabbdd62a11ef721d1542d8', 'olaf.serzysko166@biblioteka.com', 'admin', '2024-03-17', '2025-04-30', 26),
	('ernest_melcer167', '5e884898da28047151d0e56f8dc6292773603d0d6aabbdd62a11ef721d1542d8', 'ernest.melcer167@biblioteka.com', 'librarian', '2024-03-19', '2025-02-28', 26),
	('bartek_pokusa168', '5e884898da28047151d0e56f8dc6292773603d0d6aabbdd62a11ef721d1542d8', 'bartek.pokusa168@biblioteka.com', 'librarian', '2024-03-27', '2025-03-02', 26),
	('rafał_lademann169', '5e884898da28047151d0e56f8dc6292773603d0d6aabbdd62a11ef721d1542d8', 'rafał.lademann169@biblioteka.com', 'librarian', '2024-02-28', '2025-01-06', 26),
	('anastazja_stroka170', '5e884898da28047151d0e56f8dc6292773603d0d6aabbdd62a11ef721d1542d8', 'anastazja.stroka170@biblioteka.com', 'user', '2024-02-21', '2025-02-14', 26),
	('kamila_flasza171', '5e884898da28047151d0e56f8dc6292773603d0d6aabbdd62a11ef721d1542d8', 'kamila.flasza171@biblioteka.com', 'librarian', '2024-03-23', '2025-01-01', 26),
	('marcin_bochnak172', '5e884898da28047151d0e56f8dc6292773603d0d6aabbdd62a11ef721d1542d8', 'marcin.bochnak172@biblioteka.com', 'user', '2024-04-01', '2025-02-24', 26),
	('marianna_czubaszek173', '5e884898da28047151d0e56f8dc6292773603d0d6aabbdd62a11ef721d1542d8', 'marianna.czubaszek173@biblioteka.com', 'user', '2024-03-20', '2025-02-20', 26),
	('sara_fularczyk174', '5e884898da28047151d0e56f8dc6292773603d0d6aabbdd62a11ef721d1542d8', 'sara.fularczyk174@biblioteka.com', 'user', '2024-03-11', '2025-01-25', 26),
	('bruno_rzeszutko175', '5e884898da28047151d0e56f8dc6292773603d0d6aabbdd62a11ef721d1542d8', 'bruno.rzeszutko175@biblioteka.com', 'admin', '2024-02-17', '2025-03-19', 26),
	('wiktor_sornat176', '5e884898da28047151d0e56f8dc6292773603d0d6aabbdd62a11ef721d1542d8', 'wiktor.sornat176@biblioteka.com', 'librarian', '2024-03-02', '2025-03-10', 26),
	('damian_pawełko177', '5e884898da28047151d0e56f8dc6292773603d0d6aabbdd62a11ef721d1542d8', 'damian.pawełko177@biblioteka.com', 'librarian', '2024-02-27', '2025-01-04', 26),
	('jakub_kij178', '5e884898da28047151d0e56f8dc6292773603d0d6aabbdd62a11ef721d1542d8', 'jakub.kij178@biblioteka.com', 'user', '2024-02-23', '2025-02-17', 26),
	('daniel_hajda179', '5e884898da28047151d0e56f8dc6292773603d0d6aabbdd62a11ef721d1542d8', 'daniel.hajda179@biblioteka.com', 'user', '2024-04-06', '2025-03-09', 26),
	('marcin_suda180', '5e884898da28047151d0e56f8dc6292773603d0d6aabbdd62a11ef721d1542d8', 'marcin.suda180@biblioteka.com', 'user', '2024-04-04', '2025-01-26', 26),
	('kajetan_joszko181', '5e884898da28047151d0e56f8dc6292773603d0d6aabbdd62a11ef721d1542d8', 'kajetan.joszko181@biblioteka.com', 'admin', '2024-03-28', '2025-04-05', 26),
	('juliusz_mesjasz182', '5e884898da28047151d0e56f8dc6292773603d0d6aabbdd62a11ef721d1542d8', 'juliusz.mesjasz182@biblioteka.com', 'librarian', '2024-03-15', '2025-04-21', 26),
	('sandra_filek183', '5e884898da28047151d0e56f8dc6292773603d0d6aabbdd62a11ef721d1542d8', 'sandra.filek183@biblioteka.com', 'librarian', '2024-03-12', '2025-02-14', 26),
	('julita_komander184', '5e884898da28047151d0e56f8dc6292773603d0d6aabbdd62a11ef721d1542d8', 'julita.komander184@biblioteka.com', 'user', '2024-02-13', '2025-02-09', 26),
	('kaja_eckert185', '5e884898da28047151d0e56f8dc6292773603d0d6aabbdd62a11ef721d1542d8', 'kaja.eckert185@biblioteka.com', 'user', '2024-02-11', '2025-02-28', 26),
	('marcelina_engler186', '5e884898da28047151d0e56f8dc6292773603d0d6aabbdd62a11ef721d1542d8', 'marcelina.engler186@biblioteka.com', 'admin', '2024-03-10', '2025-01-07', 26),
	('iwo_świerad187', '5e884898da28047151d0e56f8dc6292773603d0d6aabbdd62a11ef721d1542d8', 'iwo.świerad187@biblioteka.com', 'librarian', '2024-03-11', '2025-02-26', 26),
	('jędrzej_linka188', '5e884898da28047151d0e56f8dc6292773603d0d6aabbdd62a11ef721d1542d8', 'jędrzej.linka188@biblioteka.com', 'user', '2024-02-16', '2025-01-31', 26),
	('iwo_zagrajek189', '5e884898da28047151d0e56f8dc6292773603d0d6aabbdd62a11ef721d1542d8', 'iwo.zagrajek189@biblioteka.com', 'user', '2024-03-08', '2025-04-24', 26),
	('ryszard_mokwa190', '5e884898da28047151d0e56f8dc6292773603d0d6aabbdd62a11ef721d1542d8', 'ryszard.mokwa190@biblioteka.com', 'librarian', '2024-03-21', '2025-01-10', 26),
	('ida_karpeta191', '5e884898da28047151d0e56f8dc6292773603d0d6aabbdd62a11ef721d1542d8', 'ida.karpeta191@biblioteka.com', 'admin', '2024-03-30', '2025-04-24', 26),
	('sonia_zięciak192', '5e884898da28047151d0e56f8dc6292773603d0d6aabbdd62a11ef721d1542d8', 'sonia.zięciak192@biblioteka.com', 'user', '2024-02-22', '2025-02-01', 26),
	('ida_szmaj193', '5e884898da28047151d0e56f8dc6292773603d0d6aabbdd62a11ef721d1542d8', 'ida.szmaj193@biblioteka.com', 'user', '2024-02-19', '2025-04-18', 26),
	('ksawery_midura194', '5e884898da28047151d0e56f8dc6292773603d0d6aabbdd62a11ef721d1542d8', 'ksawery.midura194@biblioteka.com', 'librarian', '2024-03-02', '2025-02-25', 26),
	('jeremi_hamerla195', '5e884898da28047151d0e56f8dc6292773603d0d6aabbdd62a11ef721d1542d8', 'jeremi.hamerla195@biblioteka.com', 'admin', '2024-04-08', '2025-02-06', 26),
	('kalina_serzysko196', '5e884898da28047151d0e56f8dc6292773603d0d6aabbdd62a11ef721d1542d8', 'kalina.serzysko196@biblioteka.com', 'admin', '2024-04-01', '2025-01-26', 26),
	('piotr_przerwa197', '5e884898da28047151d0e56f8dc6292773603d0d6aabbdd62a11ef721d1542d8', 'piotr.przerwa197@biblioteka.com', 'librarian', '2024-03-31', '2025-02-26', 26),
	('urszula_zwara198', '5e884898da28047151d0e56f8dc6292773603d0d6aabbdd62a11ef721d1542d8', 'urszula.zwara198@biblioteka.com', 'admin', '2024-03-11', '2025-03-10', 26),
	('karol_mostek199', '5e884898da28047151d0e56f8dc6292773603d0d6aabbdd62a11ef721d1542d8', 'karol.mostek199@biblioteka.com', 'librarian', '2024-02-28', '2025-01-30', 26);


-- Dodanie czytelników
INSERT INTO readers([user_id], first_name, last_name, [address], phone, registration_date, status_id)
VALUES	(11, 'Ernest', 'Pacura', 'aleja Waryńskiego 647, 93-824 Chorzów', '706826999', '2023-01-15', 2),
	(12, 'Patryk', 'Pawela', 'aleja Pogodna 15/78, 56-593 Zgorzelec', '521734886', '2023-01-16', 2),
	(13, 'Malwina', 'Samulak', 'plac Brzozowa 60, 53-513 Mława', '774488524', '2023-01-17', 2),
	(14, 'Borys', 'Kamieniarz', 'ul. Wąska 871, 84-185 Czeladź', '717397359', '2023-01-18', 2),
	(15, 'Gabriel', 'Tyczka', 'ul. Głogowa 593, 23-209 Biłgoraj', '755871040', '2023-01-19', 2),
	(16, 'Robert', 'Szkoła', 'plac Solidarnosci 20, 86-848 Chełm', '617275547', '2023-01-20', 3),
	(17, 'Przemysław', 'Baś', 'al. Słowicza 51/59, 79-533 Poznań', '574772003', '2023-01-21', 2),
	(18, 'Jeremi', 'Strzępek', 'ul. Rolnicza 012, 09-891 Szczecin', '575025445', '2023-01-22', 1),
	(19, 'Marcel', 'Krzysztoszek', 'aleja Kopernika 109, 32-173 Kościerzyna', '634489566', '2023-01-23', 3),
	(20, 'Stanisław', 'Sosnówka', 'pl. Żeromskiego 131, 56-208 Żary', '578899301', '2023-01-24', 2),
	(21, 'Maciej', 'Wittbrodt', 'ul. Jaworowa 792, 02-258 Przemyśl', '553023165', '2023-01-25', 3),
	(22, 'Ignacy', 'Niksa', 'ulica Zaciszna 69/84, 64-280 Knurów', '539590166', '2023-01-26', 3),
	(23, 'Maksymilian', 'Filak', 'ul. Norwida 594, 99-246 Goleniów', '677273283', '2023-01-27', 2),
	(24, 'Urszula', 'Marosz', 'plac Spółdzielcza 52/33, 69-606 Bartoszyce', '554063550', '2023-01-28', 2),
	(25, 'Nicole', 'Szram', 'aleja Wiśniowa 278, 89-007 Świętochłowice', '733094228', '2023-01-29', 2),
	(26, 'Fabian', 'Zimmer', 'aleja Prosta 12/06, 50-300 Wałcz', '609778153', '2023-01-30', 3),
	(27, 'Liwia', 'Bogusiewicz', 'ulica Srebrna 34/42, 76-104 Jarosław', '756092672', '2023-01-31', 2),
	(28, 'Oliwier', 'Kuźnia', 'plac Lubelska 51/24, 00-348 Racibórz', '779899603', '2023-02-01', 2),
	(29, 'Dariusz', 'Ankiewicz', 'pl. Miarki 658, 36-940 Chorzów', '533436096', '2023-02-02', 3),
	(30, 'Krystian', 'Gmur', 'al. Królewska 59, 04-229 Ełk', '507538581', '2023-02-03', 1),
	(31, 'Olgierd', 'Gryszkiewicz', 'ul. Jesienna 30/42, 46-546 Gorzów Wielkopolski', '714116758', '2023-02-04', 3),
	(32, 'Oskar', 'Żugaj', 'al. Liliowa 71, 60-452 Jastrzębie-Zdrój', '500613544', '2023-02-05', 3),
	(33, 'Sylwia', 'Łasak', 'ulica Staszica 30/60, 68-847 Oleśnica', '764987599', '2023-02-06', 2),
	(34, 'Janina', 'Waloszczyk', 'ul. Niepodległości 49, 63-511 Bartoszyce', '630948653', '2023-02-07', 3),
	(35, 'Antoni', 'Matacz', 'ulica Drzymały 430, 92-137 Dębica', '674592761', '2023-02-08', 3),
	(36, 'Olgierd', 'Podleśna', 'plac Nadbrzeżna 96, 87-577 Kłodzko', '533814425', '2023-02-09', 1),
	(37, 'Ksawery', 'Sporek', 'aleja Lisia 55/08, 49-269 Pruszków', '619026373', '2023-02-10', 1),
	(38, 'Natasza', 'Ciepłuch', 'ulica Grunwaldzka 04, 75-227 Rumia', '576501094', '2023-02-11', 3),
	(39, 'Dorota', 'Burczak', 'plac Hallera 16/34, 76-993 Gdańsk', '740501832', '2023-02-12', 1),
	(40, 'Jakub', 'Bejger', 'pl. Długosza 517, 46-660 Jaworzno', '543189018', '2023-02-13', 2),
	(41, 'Hubert', 'Jaskóła', 'ul. Kościuszki 627, 25-609 Żary', '772698554', '2023-02-14', 2),
	(42, 'Ernest', 'Hojda', 'aleja Hutnicza 00, 51-853 Kutno', '558549986', '2023-02-15', 2),
	(43, 'Marika', 'Bereda', 'pl. Powstańców 194, 64-183 Katowice', '795959350', '2023-02-16', 2),
	(44, 'Kamila', 'Gleba', 'aleja Kraszewskiego 10/07, 08-993 Głogów', '567007241', '2023-02-17', 3),
	(45, 'Tomasz', 'Pyc', 'ul. Zacisze 961, 61-162 Nowa Ruda', '678644071', '2023-02-18', 3),
	(46, 'Antoni', 'Lenc', 'pl. Dobra 75, 15-115 Białogard', '609093163', '2023-02-19', 3),
	(47, 'Antoni', 'Łapaj', 'ulica Pocztowa 192, 03-104 Krosno', '793791924', '2023-02-20', 3),
	(48, 'Szymon', 'Węgrzynek', 'ulica Brzoskwiniowa 75, 20-355 Chrzanów', '654434817', '2023-02-21', 2),
	(49, 'Aleks', 'Szambelan', 'plac Wąska 89, 26-223 Racibórz', '549194605', '2023-02-22', 3),
	(50, 'Apolonia', 'Pelka', 'aleja Korczaka 029, 61-126 Będzin', '706642228', '2023-02-23', 2),
	(51, 'Krystyna', 'Namysło', 'al. Konarskiego 137, 80-660 Żyrardów', '629980289', '2023-02-24', 2),
	(52, 'Kazimierz', 'Krzyszczak', 'al. Zaciszna 21, 18-927 Piaseczno', '598713770', '2023-02-25', 1),
	(53, 'Daniel', 'Zdobylak', 'ul. Paderewskiego 582, 71-734 Warszawa', '600249654', '2023-02-26', 1),
	(54, 'Adrianna', 'Jama', 'ulica Żytnia 48, 67-173 Myszków', '639616614', '2023-02-27', 2),
	(55, 'Olga', 'Beśka', 'aleja Jana 04, 89-671 Goleniów', '537089863', '2023-02-28', 1),
	(56, 'Iwo', 'Kurczak', 'plac Jaśminowa 14, 85-183 Zambrów', '569913717', '2023-03-01', 1),
	(57, 'Miłosz', 'Kuropatwa', 'al. Lubelska 98, 81-686 Koło', '520745532', '2023-03-02', 1),
	(58, 'Konstanty', 'Flisiak', 'pl. Sowia 21, 66-972 Bielawa', '790232375', '2023-03-03', 3),
	(59, 'Radosław', 'Dytko', 'ul. Jesienna 857, 74-270 Brodnica', '710075464', '2023-03-04', 3),
	(60, 'Przemysław', 'Ziemkiewicz', 'al. Ogrodowa 11/60, 01-904 Marki', '781628490', '2023-03-05', 2),
	(61, 'Aleks', 'Białasik', 'plac Wyzwolenia 16, 56-256 Kętrzyn', '780133924', '2023-03-06', 1),
	(62, 'Justyna', 'Kramer', 'plac Morelowa 32, 56-676 Kościerzyna', '615535312', '2023-03-07', 3),
	(63, 'Borys', 'Dyjach', 'ul. Jaskółcza 06/03, 25-023 Września', '725176136', '2023-03-08', 3),
	(64, 'Radosław', 'Block', 'al. Mokra 088, 97-747 Stargard Szczeciński', '647752680', '2023-03-09', 2),
	(65, 'Natan', 'Merchel', 'ulica Witosa 040, 16-396 Oława', '764492344', '2023-03-10', 3),
	(66, 'Borys', 'Chalimoniuk', 'pl. Rynek 15/58, 54-080 Inowrocław', '691860243', '2023-03-11', 1),
	(67, 'Leonard', 'Koczy', 'ul. Rzemieślnicza 448, 47-530 Zgierz', '674120574', '2023-03-12', 3),
	(68, 'Bianka', 'Szmajda', 'al. Jana Sobieskiego 067, 71-113 Tychy', '561927923', '2023-03-13', 2),
	(69, 'Marcin', 'Pyza', 'pl. Konopnickiej 860, 37-324 Skierniewice', '679996966', '2023-03-14', 1),
	(70, 'Alex', 'Roszko', 'pl. Ludowa 47, 84-430 Opole', '630478757', '2023-03-15', 1),
	(71, 'Oskar', 'Felisiak', 'ulica Jadwigi 08/86, 16-419 Tarnobrzeg', '645512399', '2023-03-16', 1),
	(72, 'Olaf', 'Stępka', 'plac Norwida 84, 35-749 Nowy Sącz', '618358850', '2023-03-17', 2),
	(73, 'Sebastian', 'Hamrol', 'al. Chmielna 02/62, 81-237 Mława', '591526704', '2023-03-18', 2),
	(74, 'Bruno', 'Brodowicz', 'aleja Kołłątaja 92/71, 89-577 Piekary Śląskie', '728777411', '2023-03-19', 1),
	(75, 'Bartek', 'Gabryel', 'pl. Irysowa 51/42, 35-460 Ostrowiec Świętokrzyski', '554013249', '2023-03-20', 1),
	(76, 'Piotr', 'Puto', 'al. Jana 34/52, 05-980 Nowa Ruda', '617453160', '2023-03-21', 1),
	(77, 'Krystian', 'Pleskot', 'pl. Topolowa 30, 35-105 Żagań', '786795349', '2023-03-22', 3),
	(78, 'Kaja', 'Nabiałek', 'al. Reymonta 425, 60-648 Nowy Targ', '539726783', '2023-03-23', 1),
	(79, 'Marcelina', 'Dering', 'aleja Jana III Sobieskiego 08, 98-215 Chełm', '566810214', '2023-03-24', 3),
	(80, 'Kajetan', 'Paw', 'plac Szewska 21/69, 97-299 Białystok', '601211236', '2023-03-25', 3),
	(81, 'Iwo', 'Kiliszek', 'plac Kościuszki 154, 73-852 Świebodzice', '564261018', '2023-03-26', 2),
	(82, 'Olga', 'Ruchała', 'al. Brzozowa 848, 08-984 Wągrowiec', '549140790', '2023-03-27', 2),
	(83, 'Piotr', 'Strzoda', 'aleja Pułaskiego 004, 49-438 Czechowice-Dziedzice', '562301798', '2023-03-28', 1),
	(84, 'Cyprian', 'Chwalisz', 'ulica Górnicza 398, 22-509 Radom', '511616014', '2023-03-29', 1),
	(85, 'Sylwia', 'Herbut', 'al. Słonecznikowa 576, 20-290 Mińsk Mazowiecki', '599306053', '2023-03-30', 3),
	(86, 'Hubert', 'Lica', 'pl. Bydgoska 931, 42-821 Biłgoraj', '566515711', '2023-03-31', 2),
	(87, 'Damian', 'Siarkiewicz', 'al. Bema 406, 48-885 Puławy', '613052403', '2023-04-01', 3),
	(88, 'Rafał', 'Buchholz', 'ulica Morcinka 29/65, 08-693 Poznań', '532794700', '2023-04-02', 3),
	(89, 'Olgierd', 'Bytner', 'plac Strzelecka 70/39, 42-619 Mikołów', '512231302', '2023-04-03', 3),
	(90, 'Marek', 'Wawrzonek', 'ulica Reja 166, 46-595 Ruda Śląska', '728502370', '2023-04-04', 3),
	(91, 'Norbert', 'Dziadkowiec', 'aleja Rzemieślnicza 666, 97-592 Swarzędz', '554492515', '2023-04-05', 2),
	(92, 'Konstanty', 'Skubis', 'al. Plater 01, 50-131 Świecie', '537583273', '2023-04-06', 1),
	(93, 'Rozalia', 'Żółtek', 'ul. Morelowa 246, 92-648 Toruń', '538639505', '2023-04-07', 3),
	(94, 'Miłosz', 'Stochmal', 'pl. Lazurowa 08/08, 25-911 Bielawa', '661631183', '2023-04-08', 2),
	(95, 'Tymoteusz', 'Drewnik', 'aleja Żurawia 44/87, 78-209 Konin', '734112573', '2023-04-09', 1),
	(96, 'Ida', 'Hałat', 'ulica Browarna 937, 52-780 Myszków', '532771911', '2023-04-10', 3),
	(97, 'Karol', 'Grześków', 'ulica Bukowa 959, 56-851 Tarnów', '750789168', '2023-04-11', 1),
	(98, 'Alex', 'Nowek', 'ulica Władysława Jagiełły 30/60, 60-925 Zabrze', '554181678', '2023-04-12', 3),
	(99, 'Kalina', 'Piórek', 'pl. Żabia 497, 20-743 Nysa', '710064809', '2023-04-13', 1),
	(100, 'Wiktor', 'Jewuła', 'ulica Harcerska 26, 57-877 Bytom', '639657976', '2023-04-14', 2),
	(101, 'Mikołaj', 'Posmyk', 'ul. Browarna 11/55, 70-284 Katowice', '752445376', '2023-04-15', 3),
	(102, 'Jakub', 'Miękina', 'plac Ściegiennego 22, 39-507 Gorlice', '590959142', '2023-04-16', 3),
	(103, 'Ewa', 'Sych', 'plac Traugutta 235, 26-759 Chorzów', '609207426', '2023-04-17', 1),
	(104, 'Ernest', 'Sobiło', 'plac Słoneczna 62/20, 58-000 Łaziska Górne', '584937611', '2023-04-18', 1),
	(105, 'Kamil', 'Blaut', 'plac Krucza 66, 32-583 Nowy Targ', '683777646', '2023-04-19', 3),
	(106, 'Blanka', 'Kijas', 'pl. Skrajna 166, 76-363 Kętrzyn', '634586741', '2023-04-20', 1),
	(107, 'Karina', 'Malon', 'al. Borówkowa 809, 34-095 Ciechanów', '737465536', '2023-04-21', 3),
	(108, 'Dominik', 'Gomoła', 'plac Młynarska 66, 17-972 Nowy Sącz', '593855499', '2023-04-22', 1),
	(109, 'Cyprian', 'Dziełak', 'plac Jadwigi 15/52, 78-034 Konin', '753201966', '2023-04-23', 3),
	(110, 'Janina', 'Zajko', 'pl. Cicha 860, 46-352 Włocławek', '720066283', '2023-04-24', 3),
	(111, 'Kamil', 'Niebudek', 'ulica Księżycowa 67/11, 88-222 Ostrowiec Świętokrzyski', '773052612', '2023-04-25', 2),
	(112, 'Leon', 'Bobel', 'aleja Kraszewskiego 45/16, 25-858 Białogard', '691744348', '2023-04-26', 2),
	(113, 'Tymon', 'Kruszona', 'aleja Pułaskiego 784, 61-220 Śrem', '634718448', '2023-04-27', 1),
	(114, 'Gaja', 'Wisła', 'plac Miarki 81/49, 61-001 Skarżysko-Kamienna', '506676697', '2023-04-28', 2),
	(115, 'Karina', 'Groth', 'al. Chmielna 47/32, 82-028 Sieradz', '542452416', '2023-04-29', 2),
	(116, 'Nikodem', 'Liedtke', 'ul. Jaskółcza 62, 90-619 Zduńska Wola', '524533118', '2023-04-30', 3),
	(117, 'Józef', 'Starzak', 'aleja Żabia 48, 86-742 Głogów', '650798002', '2023-05-01', 1),
	(118, 'Rozalia', 'Kukuczka', 'pl. Piłsudskiego 117, 96-814 Sochaczew', '628919028', '2023-05-02', 2),
	(119, 'Olaf', 'Marko', 'ul. Żwirki i Wigury 20, 98-300 Zduńska Wola', '689099659', '2023-05-03', 3),
	(120, 'Dagmara', 'Jaremek', 'aleja Kusocińskiego 510, 37-443 Łódź', '654553277', '2023-05-04', 3),
	(121, 'Anastazja', 'Litwa', 'ulica Stycznia 63/56, 34-375 Bełchatów', '692844672', '2023-05-05', 3),
	(122, 'Ernest', 'Block', 'aleja Strzelecka 73/55, 45-641 Sopot', '571051794', '2023-05-06', 3),
	(123, 'Aleks', 'Pizoń', 'aleja Asnyka 25/73, 66-787 Swarzędz', '666589744', '2023-05-07', 2),
	(124, 'Borys', 'Kossak', 'al. Zachodnia 801, 56-360 Łuków', '722488963', '2023-05-08', 3),
	(125, 'Maciej', 'Świadek', 'ul. Rejtana 212, 03-006 Nowy Targ', '543337891', '2023-05-09', 1),
	(126, 'Jan', 'Fijoł', 'ulica Kruczkowskiego 308, 18-233 Żyrardów', '603245398', '2023-05-10', 3),
	(127, 'Fryderyk', 'Cimoch', 'ul. Jagiellońska 94, 95-557 Nowy Dwór Mazowiecki', '679530542', '2023-05-11', 1),
	(128, 'Łukasz', 'Andrys', 'ul. Grottgera 40, 92-639 Biłgoraj', '628535466', '2023-05-12', 1),
	(129, 'Alex', 'Dziopa', 'plac Wojska Polskiego 71/87, 27-852 Żyrardów', '740590823', '2023-05-13', 2),
	(130, 'Juliusz', 'Wyderka', 'ul. Brzoskwiniowa 57, 07-086 Zambrów', '722482741', '2023-05-14', 1),
	(131, 'Adrianna', 'Młynarz', 'aleja Jesienna 237, 57-928 Wągrowiec', '715965489', '2023-05-15', 3),
	(132, 'Dawid', 'Sendor', 'ulica Miła 059, 76-367 Mysłowice', '724533671', '2023-05-16', 3),
	(133, 'Leon', 'Palak', 'pl. Lubelska 52, 29-793 Grodzisk Mazowiecki', '525114653', '2023-05-17', 1),
	(134, 'Monika', 'Figat', 'pl. Mieszka I 30/00, 37-931 Polkowice', '739096636', '2023-05-18', 1),
	(135, 'Eliza', 'Barszczak', 'al. Szewska 25, 76-757 Gliwice', '639171392', '2023-05-19', 3),
	(136, 'Tymon', 'Kucharzyk', 'aleja Szymanowskiego 83/50, 63-169 Mława', '584657334', '2023-05-20', 2),
	(137, 'Klara', 'Sommerfeld', 'plac Południowa 74/68, 19-703 Szczecinek', '783238665', '2023-05-21', 2),
	(138, 'Olgierd', 'Mierzwiak', 'ulica Cedrowa 98, 27-419 Mikołów', '500037129', '2023-05-22', 1),
	(139, 'Konstanty', 'Murat', 'al. Makuszyńskiego 53/94, 02-599 Wołomin', '765527049', '2023-05-23', 2),
	(140, 'Wiktor', 'Bugiel', 'al. Kasprowicza 01/69, 20-163 Lublin', '667534995', '2023-05-24', 2),
	(141, 'Jeremi', 'Ledzion', 'aleja Grzybowa 938, 58-802 Brzeg', '526766769', '2023-05-25', 2),
	(142, 'Michał', 'Melaniuk', 'ul. Owocowa 98, 14-918 Zabrze', '600932427', '2023-05-26', 3),
	(143, 'Julianna', 'Kuran', 'plac Matejki 183, 36-397 Starogard Gdański', '544811030', '2023-05-27', 3),
	(144, 'Damian', 'Maksym', 'ulica Jeżynowa 248, 15-450 Olsztyn', '570073328', '2023-05-28', 1),
	(145, 'Bartek', 'Flisiak', 'plac Mała 88, 71-688 Sieradz', '715723762', '2023-05-29', 3),
	(146, 'Marcel', 'Hyży', 'ul. Podleśna 64, 00-415 Legionowo', '724135594', '2023-05-30', 2),
	(147, 'Krystyna', 'Wosiek', 'plac Listopada 82/49, 66-493 Przemyśl', '501821502', '2023-05-31', 1),
	(148, 'Jędrzej', 'Pietrewicz', 'pl. Prusa 528, 37-603 Bytom', '507672591', '2023-06-01', 3),
	(149, 'Norbert', 'Kazimierczuk', 'aleja Brzozowa 861, 74-466 Kwidzyn', '501265707', '2023-06-02', 3),
	(150, 'Adam', 'Bik', 'ulica Kochanowskiego 42, 84-802 Pabianice', '783653586', '2023-06-03', 3),
	(151, 'Urszula', 'Garczyk', 'plac Osiedlowa 23/84, 73-062 Kołobrzeg', '552497570', '2023-06-04', 1),
	(152, 'Dorota', 'Drewniok', 'pl. Borówkowa 121, 10-367 Wałcz', '563836042', '2023-06-05', 3),
	(153, 'Jacek', 'Makosz', 'al. Rejtana 29, 30-081 Białogard', '606577667', '2023-06-06', 2),
	(154, 'Adrianna', 'Niedźwiadek', 'plac Słonecznikowa 40/92, 55-484 Tarnów', '650314590', '2023-06-07', 3),
	(155, 'Michał', 'Majos', 'al. Porzeczkowa 727, 55-966 Augustów', '597829235', '2023-06-08', 1),
	(156, 'Blanka', 'Juraszczyk', 'ulica Księżycowa 48, 82-988 Środa Wielkopolska', '755338744', '2023-06-09', 2),
	(157, 'Dorota', 'Osipiuk', 'al. Zwycięstwa 780, 47-103 Giżycko', '543671991', '2023-06-10', 1),
	(158, 'Paweł', 'Liss', 'ulica Moniuszki 25/94, 00-924 Chełm', '647485868', '2023-06-11', 2),
	(159, 'Kamila', 'Zawalich', 'al. Wspólna 61/02, 98-453 Kutno', '562158588', '2023-06-12', 2),
	(160, 'Konrad', 'Lorens', 'aleja Orkana 99, 93-006 Łowicz', '571629613', '2023-06-13', 3),
	(161, 'Filip', 'Krajniak', 'aleja Kazimierza Wielkiego 930, 25-477 Krotoszyn', '779637549', '2023-06-14', 3),
	(162, 'Kornel', 'Kostek', 'ul. Sadowa 48/69, 62-962 Wągrowiec', '686322670', '2023-06-15', 1),
	(163, 'Kamil', 'Prokopiak', 'plac Irysowa 164, 15-881 Łódź', '582914417', '2023-06-16', 2),
	(164, 'Maciej', 'Tadeusiak', 'ulica Robotnicza 705, 16-930 Ostrowiec Świętokrzyski', '509972016', '2023-06-17', 1),
	(165, 'Klara', 'Jop', 'ul. Kusocińskiego 46/68, 78-282 Nowy Dwór Mazowiecki', '521830929', '2023-06-18', 1),
	(166, 'Nikodem', 'Pawełkiewicz', 'plac Nałkowskiej 443, 00-810 Marki', '639408937', '2023-06-19', 3),
	(167, 'Ryszard', 'Rymarz', 'ulica Rolnicza 52, 91-153 Przemyśl', '668960379', '2023-06-20', 2),
	(168, 'Aniela', 'Morek', 'pl. Borówkowa 15, 66-878 Chojnice', '522551009', '2023-06-21', 3),
	(169, 'Eliza', 'Bródka', 'plac Stroma 52/12, 06-911 Ostróda', '765474974', '2023-06-22', 3),
	(170, 'Cezary', 'Salwin', 'pl. Wiatraczna 695, 85-380 Wieluń', '746243554', '2023-06-23', 3),
	(171, 'Ernest', 'Kilar', 'pl. Krótka 91, 15-693 Myszków', '733775403', '2023-06-24', 2),
	(172, 'Szymon', 'Nojek', 'plac Władysława Łokietka 52, 47-760 Kętrzyn', '788798317', '2023-06-25', 1),
	(173, 'Marek', 'Bielat', 'pl. Rejtana 07, 64-973 Szczecin', '611585455', '2023-06-26', 2),
	(174, 'Agnieszka', 'Markiel', 'al. Perłowa 692, 63-564 Zamość', '656248490', '2023-06-27', 1),
	(175, 'Bruno', 'Geisler', 'al. Grabowa 59/25, 24-828 Kluczbork', '574333509', '2023-06-28', 1),
	(176, 'Gaja', 'Koral', 'ul. Ceglana 95, 18-734 Nysa', '645692502', '2023-06-29', 2),
	(177, 'Jeremi', 'Darłak', 'al. Morelowa 00/33, 87-148 Świdnica', '681199874', '2023-06-30', 2),
	(178, 'Ada', 'Getka', 'ul. Wolności 52, 98-748 Żyrardów', '550308838', '2023-07-01', 2),
	(179, 'Karina', 'Zadora', 'plac Wąska 18/09, 91-930 Białystok', '519147753', '2023-07-02', 1),
	(180, 'Patryk', 'Startek', 'plac Młynarska 29/98, 44-229 Suwałki', '644752286', '2023-07-03', 1),
	(181, 'Sebastian', 'Zatoń', 'al. Żwirowa 94, 12-623 Bochnia', '580217123', '2023-07-04', 3),
	(182, 'Kacper', 'Wojtaszczyk', 'plac Piękna 94, 02-390 Szczecinek', '655440694', '2023-07-05', 2),
	(183, 'Hubert', 'Luks', 'plac Myśliwska 27, 73-431 Starogard Gdański', '711952330', '2023-07-06', 3),
	(184, 'Marika', 'Białk', 'ul. Rolna 61/26, 91-827 Koszalin', '569600449', '2023-07-07', 2),
	(185, 'Kaja', 'Piejko', 'plac Graniczna 756, 56-682 Reda', '561684543', '2023-07-08', 2),
	(186, 'Rozalia', 'Zięcik', 'aleja Rycerska 896, 73-611 Iława', '628691223', '2023-07-09', 1),
	(187, 'Blanka', 'Bubel', 'ulica Rzemieślnicza 31, 61-838 Piła', '665291690', '2023-07-10', 1),
	(188, 'Przemysław', 'Kloch', 'ulica Częstochowska 93, 96-479 Bydgoszcz', '780810453', '2023-07-11', 3),
	(189, 'Nataniel', 'Łapaj', 'ulica Baczynskiego 83, 23-771 Łowicz', '538044220', '2023-07-12', 2),
	(190, 'Jacek', 'Płodzień', 'al. Wróblewskiego 41/91, 59-913 Tarnów', '716449787', '2023-07-13', 2),
	(191, 'Kalina', 'Dej', 'aleja Traugutta 85, 18-551 Skarżysko-Kamienna', '660645468', '2023-07-14', 2),
	(192, 'Eryk', 'Gortat', 'pl. Rejtana 66/02, 14-283 Łowicz', '558331785', '2023-07-15', 1),
	(193, 'Marika', 'Knieć', 'plac Agrestowa 312, 78-620 Będzin', '758327408', '2023-07-16', 2),
	(194, 'Natasza', 'Burchard', 'pl. Pogodna 73, 09-174 Świebodzice', '680968737', '2023-07-17', 2),
	(195, 'Janina', 'Linka', 'ulica Słonecznikowa 98, 73-032 Kluczbork', '566746370', '2023-07-18', 2),
	(196, 'Julian', 'Rajman', 'ulica Wojska Polskiego 149, 94-960 Lubliniec', '562281354', '2023-07-19', 3),
	(197, 'Igor', 'Tylus', 'aleja Rolnicza 660, 33-192 Leszno', '767219186', '2023-07-20', 2),
	(198, 'Angelika', 'Matusewicz', 'ul. Bałtycka 698, 59-863 Będzin', '520306810', '2023-07-21', 2),
	(199, 'Patryk', 'Ślebioda', 'plac Poznańska 152, 06-704 Kraśnik', '679895731', '2023-07-22', 3);

-- Dodanie wypożyczeń
INSERT INTO borrowing(book_id, readers_id, borrowing_date, return_date, due, status_id)
VALUES  (16, 12, '2025-02-11', '2025-03-09', 28, 17),
	(42, 5, '2025-01-15', '2025-02-12', 28, 17),
	(87, 23, '2025-01-18', '2025-02-15', 28, 17),
	(134, 89, '2025-01-22', '2025-02-19', 28, 17),
	(19, 142, '2025-01-25', '2025-02-22', 28, 17),
	(156, 37, '2025-01-28', '2025-02-25', 28, 17),
	(63, 178, '2025-02-01', '2025-03-01', 28, 17),
	(112, 54, '2025-02-04', '2025-03-04', 28, 17),
	(28, 96, '2025-02-07', '2025-03-07', 28, 17),
	(199, 12, '2025-02-10', '2025-03-10', 28, 17),
	(71, 165, '2025-02-13', '2025-03-13', 28, 17),
	(145, 28, '2025-02-16', '2025-03-16', 28, 17),
	(33, 117, '2025-02-19', '2025-03-19', 28, 17),
	(178, 63, '2025-02-22', '2025-03-22', 28, 17),
	(52, 184, '2025-02-25', '2025-03-25', 28, 17),
	(94, 41, '2025-02-28', '2025-03-28', 28, 17),
	(127, 98, '2025-03-03', '2025-03-31', 28, 17),
	(8, 152, '2025-03-06', '2025-04-03', 28, 17),
	(163, 77, '2025-03-09', '2025-04-06', 28, 17),
	(47, 129, '2025-03-12', '2025-04-09', 28, 17),
	(182, 15, '2025-03-15', '2025-04-12', 28, 17),
	(76, 168, '2025-03-18', '2025-04-15', 28, 17),
	(121, 32, '2025-03-21', '2025-04-18', 28, 17),
	(29, 105, '2025-03-24', '2025-04-21', 28, 17),
	(194, 59, '2025-03-27', '2025-04-24', 28, 17),
	(103, 181, '2025-03-30', '2025-04-27', 28, 17),
	(57, 26, '2025-04-02', '2025-04-30', 28, 17),
	(138, 143, '2025-04-05', '2025-05-03', 28, 17),
	(14, 70, '2025-04-08', '2025-05-06', 28, 17),
	(167, 108, '2025-04-11', '2025-05-09', 28, 17),
	(91, 51, '2025-04-14', '2025-05-12', 28, 17),
	(35, 134, '2025-04-17', '2025-05-15', 28, 17),
	(152, 19, '2025-04-20', '2025-05-18', 28, 17),
	(68, 157, '2025-04-23', '2025-05-21', 28, 17),
	(186, 82, '2025-04-26', '2025-05-24', 28, 17),
	(23, 120, '2025-04-29', '2025-05-27', 28, 17),
	(109, 45, '2025-05-02', '2025-05-30', 28, 17),
	(197, 171, '2025-05-05', '2025-06-02', 28, 17),
	(81, 8, '2025-05-08', '2025-06-05', 28, 17),
	(146, 93, '2025-05-11', '2025-06-08', 28, 17),
	(39, 136, '2025-05-14', '2025-06-11', 28, 17),
	(124, 61, '2025-05-17', '2025-06-14', 28, 17),
	(17, 149, '2025-05-20', '2025-06-17', 28, 17),
	(175, 34, '2025-05-23', '2025-06-20', 28, 17),
	(62, 111, '2025-05-26', '2025-06-23', 28, 17),
	(188, 76, '2025-05-29', '2025-06-26', 28, 17),
	(45, 160, '2025-06-01', '2025-06-29', 28, 17),
	(131, 3, '2025-06-04', '2025-07-02', 28, 17),
	(96, 127, '2025-06-07', '2025-07-05', 28, 17), 
	(159, 50, '2025-06-10', '2025-07-08', 28, 17),
	(25, 173, '2025-06-13', '2025-07-11', 28, 17),
	(142, 85, '2025-06-16', '2025-07-14', 28, 17),
	(72, 38, '2025-06-19', '2025-07-17', 28, 17),
	(201, 123, '2025-06-22', '2025-07-20', 28, 17),
	(55, 16, '2025-06-25', '2025-07-23', 28, 17),
	(118, 99, '2025-06-28', '2025-07-26', 28, 17),
	(11, 162, '2025-07-01', '2025-07-29', 28, 17),
	(183, 67, '2025-07-04', '2025-08-01', 28, 17),
	(84, 140, '2025-07-07', '2025-08-04', 28, 17),
	(37, 25, '2025-07-10', '2025-08-07', 28, 17),
	(148, 108, '2025-07-13', '2025-08-10', 28, 17),
	(93, 71, '2025-07-16', '2025-08-13', 28, 17),
	(169, 44, '2025-07-19', '2025-08-16', 28, 17),
	(31, 137, '2025-07-22', '2025-08-19', 28, 17),
	(154, 20, '2025-07-25', '2025-08-22', 28, 17),
	(77, 153, '2025-07-28', '2025-08-25', 28, 17),
	(115, 86, '2025-07-31', '2025-08-28', 28, 17),
	(192, 39, '2025-08-03', '2025-08-31', 28, 17),
	(58, 122, '2025-08-06', '2025-09-03', 28, 17),
	(135, 65, '2025-08-09', '2025-09-06', 28, 17),
	(21, 148, '2025-08-12', '2025-09-09', 28, 17),
	(164, 31, '2025-08-15', '2025-09-12', 28, 17),
	(99, 114, '2025-08-18', '2025-09-15', 28, 17),
	(43, 177, '2025-08-21', '2025-09-18', 28, 17),
	(128, 60, '2025-08-24', '2025-09-21', 28, 17),
	(7, 143, '2025-08-27', '2025-09-24', 28, 17),
	(172, 106, '2025-08-30', '2025-09-27', 28, 17),
	(89, 49, '2025-09-02', '2025-09-30', 28, 17),
	(151, 132, '2025-09-05', '2025-10-03', 28, 17),
	(66, 27, '2025-09-08', '2025-10-06', 28, 17),
	(141, 110, '2025-09-11', '2025-10-09', 28, 17),
	(36, 73, '2025-09-14', '2025-10-12', 28, 17),
	(113, 156, '2025-09-17', '2025-10-15', 28, 17),
	(185, 79, '2025-09-20', '2025-10-18', 28, 17),
	(50, 22, '2025-09-23', '2025-10-21', 28, 17),
	(123, 95, '2025-09-26', '2025-10-24', 28, 17),
	(9, 158, '2025-09-29', '2025-10-27', 28, 17),
	(176, 81, '2025-10-02', '2025-10-30', 28, 17),
	(82, 144, '2025-10-05', '2025-11-02', 28, 17),
	(147, 57, '2025-10-08', '2025-11-05', 28, 17),
	(24, 130, '2025-10-11', '2025-11-08', 28, 17),
	(157, 13, '2025-10-14', '2025-11-11', 28, 17),
	(74, 166, '2025-10-17', '2025-11-14', 28, 17),
	(133, 59, '2025-10-20', '2025-11-17', 28, 17),
	(46, 102, '2025-10-23', '2025-11-20', 28, 17),
	(179, 35, '2025-10-26', '2025-11-23', 28, 17),
	(101, 118, '2025-10-29', '2025-11-26', 28, 17),
	(53, 161, '2025-11-01', '2025-11-29', 28, 17),
	(189, 84, '2025-11-04', '2025-12-02', 28, 17),
	(78, 47, '2025-11-07', '2025-12-05', 28, 17),
	(144, 170, '2025-11-10', '2025-12-08', 28, 17),
	(27, 33, '2025-11-13', '2025-12-11', 28, 17),
	(116, 126, '2025-11-16', '2025-12-14', 28, 17),
	(161, 69, '2025-11-19', '2025-12-17', 28, 17),
	(95, 152, '2025-11-22', '2025-12-20', 28, 17),
	(40, 115, '2025-11-25', '2025-12-23', 28, 17),
	(173, 58, '2025-11-28', '2025-12-26', 28, 17),
	(107, 141, '2025-12-01', '2025-12-29', 28, 17),
	(64, 24, '2025-12-04', '2026-01-01', 28, 17),
	(150, 97, '2025-12-07', '2026-01-04', 28, 17),
	(1, 160, '2025-12-10', '2026-01-07', 28, 17),
	(137, 83, '2025-12-13', '2026-01-10', 28, 17),
	(85, 146, '2025-12-16', '2026-01-13', 28, 17),
	(180, 29, '2025-12-19', '2026-01-16', 28, 17),
	(49, 112, '2025-12-22', '2026-01-19', 28, 17),
	(122, 55, '2025-12-25', '2026-01-22', 28, 17),
	(15, 168, '2025-12-28', '2026-01-25', 28, 17),
	(170, 41, '2025-12-31', '2026-01-28', 28, 17);

-- Dodanie rezerwacji
INSERT INTO reservation(book_id, readers_id, reservation_date, status_id)
VALUES	(1, 101, '2025-01-05', 1),
	(2, 102, '2025-01-12', 1),
	(3, 103, '2025-01-18', 1),
	(4, 104, '2025-01-24', 1),
	(5, 105, '2025-02-03', 1),
	(6, 106, '2025-02-09', 1),
	(7, 107, '2025-02-15', 1),
	(8, 108, '2025-02-21', 1),
	(9, 109, '2025-03-02', 1),
	(10, 110, '2025-03-08', 1),
	(11, 111, '2025-03-14', 1),
	(12, 112, '2025-03-20', 1),
	(13, 113, '2025-03-26', 1),
	(14, 114, '2025-04-05', 1),
	(15, 115, '2025-04-11', 1),
	(16, 116, '2025-04-17', 1),
	(17, 117, '2025-04-23', 1),
	(18, 118, '2025-05-02', 1),
	(19, 119, '2025-05-08', 1),
	(20, 120, '2025-05-14', 1),
	(21, 121, '2025-05-20', 1),
	(22, 122, '2025-05-26', 1),
	(23, 123, '2025-06-04', 1),
	(24, 124, '2025-06-10', 1),
	(25, 125, '2025-06-16', 1),
	(26, 126, '2025-06-22', 1),
	(27, 127, '2025-06-28', 1),
	(28, 128, '2025-07-07', 1),
	(29, 129, '2025-07-13', 1),
	(30, 130, '2025-07-19', 1),
	(31, 131, '2025-07-25', 1),
	(32, 132, '2025-08-03', 1),
	(33, 133, '2025-08-09', 1),
	(34, 134, '2025-08-15', 1),
	(35, 135, '2025-08-21', 1),
	(36, 136, '2025-08-27', 1),
	(37, 137, '2025-09-06', 1),
	(38, 138, '2025-09-12', 1),
	(39, 139, '2025-09-18', 1),
	(40, 140, '2025-09-24', 1),
	(41, 141, '2025-10-03', 1),
	(42, 142, '2025-10-09', 1),
	(43, 143, '2025-10-15', 1),
	(44, 144, '2025-10-21', 1),
	(45, 145, '2025-10-27', 1),
	(46, 146, '2025-11-05', 1),
	(47, 147, '2025-11-11', 1),
	(48, 148, '2025-11-17', 1),
	(49, 149, '2025-11-23', 1),
	(50, 150, '2025-11-29', 1),
	(51, 151, '2025-12-07', 1),
	(52, 152, '2025-12-13', 1),
	(53, 153, '2025-12-19', 1),
	(54, 154, '2025-12-25', 1),
	(55, 155, '2025-01-07', 1),
	(56, 156, '2025-01-13', 1),
	(57, 157, '2025-01-19', 1),
	(58, 158, '2025-01-25', 1),
	(59, 159, '2025-02-05', 1),
	(60, 160, '2025-02-11', 1),
	(61, 161, '2025-02-17', 1),
	(62, 162, '2025-02-23', 1),
	(63, 163, '2025-03-04', 1),
	(64, 164, '2025-03-10', 1),
	(65, 165, '2025-03-16', 1),
	(66, 166, '2025-03-22', 1),
	(67, 167, '2025-03-28', 1),
	(68, 168, '2025-04-07', 1),
	(69, 169, '2025-04-13', 1),
	(70, 170, '2025-04-19', 1),
	(71, 171, '2025-04-25', 1),
	(72, 172, '2025-05-05', 1),
	(73, 173, '2025-05-11', 1),
	(74, 174, '2025-05-17', 1),
	(75, 175, '2025-05-23', 1),
	(76, 176, '2025-05-29', 1),
	(77, 177, '2025-06-07', 1),
	(78, 178, '2025-06-13', 1),
	(79, 179, '2025-06-19', 1),
	(80, 180, '2025-06-25', 1),
	(81, 181, '2025-07-05', 1),
	(82, 182, '2025-07-11', 1),
	(83, 183, '2025-07-17', 1),
	(84, 184, '2025-07-23', 1),
	(85, 185, '2025-07-29', 1),
	(86, 1, '2025-08-07', 1),
	(87, 2, '2025-08-13', 1),
	(88, 3, '2025-08-19', 1),
	(89, 4, '2025-08-25', 1),
	(90, 5, '2025-09-03', 1),
	(91, 6, '2025-09-09', 1),
	(92, 7, '2025-09-15', 1),
	(93, 8, '2025-09-21', 1),
	(94, 9, '2025-09-27', 1),
	(95, 10, '2025-10-05', 1),
	(96, 11, '2025-10-11', 1),
	(97, 12, '2025-10-17', 1),
	(98, 13, '2025-10-23', 1),
	(99, 14, '2025-10-29', 1),
	(100, 15, '2025-11-07', 1);

-- Dodanie kar
INSERT INTO dbo.fine(borrowing_id, amount, date_issue, date_pay, status_id)
VALUES	(1, 1100.00, '2025-01-16', NULL, 21),
	(2, 850.50, '2025-02-05', '2025-02-20', 22),
	(3, 1200.00, '2025-01-25', NULL, 21),
	(4, 950.25, '2025-02-10', '2025-03-01', 22),
	(5, 1300.75, '2025-02-15', NULL, 21),
	(6, 700.00, '2025-02-20', '2025-03-10', 22),
	(7, 1150.50, '2025-03-05', NULL, 21),
	(8, 900.00, '2025-03-12', '2025-04-01', 22),
	(9, 1400.25, '2025-03-18', NULL, 21),
	(10, 800.50, '2025-03-25', '2025-04-15', 22),
	(11, 1250.00, '2025-04-05', NULL, 21),
	(12, 750.75, '2025-04-12', '2025-05-01', 22),
	(13, 1350.50, '2025-04-20', NULL, 21),
	(14, 850.00, '2025-05-03', '2025-05-20', 22),
	(15, 1100.25, '2025-05-10', NULL, 21),
	(16, 950.50, '2025-05-17', '2025-06-05', 22),
	(17, 1200.75, '2025-06-01', NULL, 21),
	(18, 800.00, '2025-06-08', '2025-06-25', 22),
	(19, 1300.00, '2025-06-15', NULL, 21),
	(20, 900.25, '2025-06-22', '2025-07-10', 22),
	(21, 1150.50, '2025-07-05', NULL, 21),
	(22, 850.75, '2025-07-12', '2025-08-01', 22),
	(23, 1400.00, '2025-07-20', NULL, 21),
	(24, 950.50, '2025-08-03', '2025-08-20', 22),
	(25, 1250.25, '2025-08-10', NULL, 21),
	(26, 750.00, '2025-08-17', '2025-09-05', 22),
	(27, 1350.50, '2025-09-01', NULL, 21),
	(28, 850.75, '2025-09-08', '2025-09-25', 22),
	(29, 1100.00, '2025-09-15', NULL, 21),
	(30, 900.25, '2025-09-22', '2025-10-10', 22),
	(31, 1200.50, '2025-10-05', NULL, 21),
	(32, 800.75, '2025-10-12', '2025-11-01', 22),
	(33, 1300.00, '2025-10-20', NULL, 21),
	(34, 950.25, '2025-11-03', '2025-11-20', 22),
	(35, 1150.50, '2025-11-10', NULL, 21),
	(36, 850.00, '2025-11-17', '2025-12-05', 22),
	(37, 1400.75, '2025-12-01', NULL, 21),
	(38, 900.50, '2025-12-08', '2025-12-25', 22),
	(39, 1250.00, '2025-12-15', NULL, 21),
	(40, 750.25, '2025-12-22', '2026-01-10', 22),
	(41, 1350.50, '2026-01-05', NULL, 21),
	(42, 850.75, '2026-01-12', '2026-02-01', 22),
	(43, 1100.00, '2026-01-20', NULL, 21),
	(44, 900.25, '2026-02-03', '2026-02-20', 22),
	(45, 1200.50, '2026-02-10', NULL, 21),
	(46, 800.75, '2026-02-17', '2026-03-08', 22),
	(47, 1300.00, '2026-03-03', NULL, 21),
	(48, 950.25, '2026-03-10', '2026-03-27', 22),
	(49, 1150.50, '2026-03-17', NULL, 21),
	(50, 850.00, '2026-03-24', '2026-04-12', 22),
	(51, 1400.75, '2026-04-07', NULL, 21),
	(52, 900.50, '2026-04-14', '2026-05-03', 22),
	(53, 1250.00, '2026-04-21', NULL, 21),
	(54, 750.25, '2026-05-05', '2026-05-22', 22),
	(55, 1350.50, '2026-05-12', NULL, 21),
	(56, 850.75, '2026-05-19', '2026-06-07', 22),
	(57, 1100.00, '2026-06-02', NULL, 21),
	(58, 900.25, '2026-06-09', '2026-06-26', 22),
	(59, 1200.50, '2026-06-16', NULL, 21),
	(60, 800.75, '2026-06-23', '2026-07-12', 22),
	(61, 1300.00, '2026-07-07', NULL, 21),
	(62, 950.25, '2026-07-14', '2026-08-01', 22),
	(63, 1150.50, '2026-07-21', NULL, 21),
	(64, 850.00, '2026-08-04', '2026-08-21', 22),
	(65, 1400.75, '2026-08-11', NULL, 21),
	(66, 900.50, '2026-08-18', '2026-09-06', 22),
	(67, 1250.00, '2026-09-01', NULL, 21),
	(68, 750.25, '2026-09-08', '2026-09-25', 22),
	(69, 1350.50, '2026-09-15', NULL, 21),
	(70, 850.75, '2026-09-22', '2026-10-11', 22),
	(71, 1100.00, '2026-10-06', NULL, 21),
	(72, 900.25, '2026-10-13', '2026-10-30', 22),
	(73, 1200.50, '2026-10-20', NULL, 21),
	(74, 800.75, '2026-11-03', '2026-11-20', 22),
	(75, 1300.00, '2026-11-10', NULL, 21),
	(76, 950.25, '2026-11-17', '2026-12-06', 22),
	(77, 1150.50, '2026-12-01', NULL, 21),
	(78, 850.00, '2026-12-08', '2026-12-25', 22),
	(79, 1400.75, '2026-12-15', NULL, 21),
	(80, 900.50, '2026-12-22', '2027-01-10', 22),
	(81, 1250.00, '2027-01-05', NULL, 21),
	(82, 750.25, '2027-01-12', '2027-01-29', 22),
	(83, 1350.50, '2027-01-19', NULL, 21),
	(84, 850.75, '2027-02-02', '2027-02-19', 22),
	(85, 1100.00, '2027-02-09', NULL, 21),
	(86, 900.25, '2027-02-16', '2027-03-07', 22),
	(87, 1200.50, '2027-03-02', NULL, 21),
	(88, 800.75, '2027-03-09', '2027-03-26', 22),
	(89, 1300.00, '2027-03-16', NULL, 21),
	(90, 950.25, '2027-03-23', '2027-04-11', 22),
	(91, 1150.50, '2027-04-06', NULL, 21),
	(92, 850.00, '2027-04-13', '2027-05-02', 22),
	(93, 1400.75, '2027-04-20', NULL, 21),
	(94, 900.50, '2027-05-04', '2027-05-21', 22),
	(95, 1250.00, '2027-05-11', NULL, 21),
	(96, 750.25, '2027-05-18', '2027-06-06', 22),
	(97, 1350.50, '2027-06-01', NULL, 21),
	(98, 850.75, '2027-06-08', '2027-06-25', 22),
	(99, 1100.00, '2027-06-15', NULL, 21),
	(100, 900.25, '2027-06-22', '2027-07-11', 22);
